game_id,game_date,game_name,sport,league,home_team,away_team,player_1,player_2,event_name,player_names,market_id,market_type,market_display_name,outcome_id,outcome_type,outcome_display_name,has_alt,odd_timestamp,spread,american_odds,book
02e3d3d5ae5323fc,2025-06-25T23:30:00+00:00,FC Cincinnati v Montreal,Soccer,MLS,Montreal,FC Cincinnati,,,,,26306b5eaf576505,OVER_UNDER,Total,8dceed93f5a8b0e4,UNDER,Under,True,2025-06-09T21:29:01.225407,2.5,102.0,BOVADA
02e3d3d5ae5323fc,2025-06-25T23:30:00+00:00,FC Cincinnati v Montreal,Soccer,MLS,Montreal,FC Cincinnati,,,,,26306b5eaf576505,OVER_UNDER,Total,93efcb21f62714a6,OVER,Over,True,2025-06-09T21:31:00.559917,2.5,-120.0,HARDROCK
02e3d3d5ae5323fc,2025-06-25T23:30:00+00:00,FC Cincinnati v Montreal,Soccer,MLS,Montreal,FC Cincinnati,,,,,28c4524456ecc9f7,SPREAD,Spread,44f5ecb6dc486de2,AWAY_COVERS,FC Cincinnati,True,2025-06-09T21:31:12.642156,0.0,-130.0,BODOG
02e3d3d5ae5323fc,2025-06-25T23:30:00+00:00,FC Cincinnati v Montreal,Soccer,MLS,Montreal,FC Cincinnati,,,,,28c4524456ecc9f7,SPREAD,Spread,daeaf028bba4cf7f,HOME_COVERS,Montreal,True,2025-06-09T21:31:12.642156,-0.0,110.0,BODOG
02e3d3d5ae5323fc,2025-06-25T23:30:00+00:00,FC Cincinnati v Montreal,Soccer,MLS,Montreal,FC Cincinnati,,,,,4a0ff6e293f4f101,MONEYLINE,Moneyline,18d4a532061245bf,AWAY_WINS,FC Cincinnati,False,2025-06-09T21:31:00.559917,0.0,135.0,HARDROCK
02e3d3d5ae5323fc,2025-06-25T23:30:00+00:00,FC Cincinnati v Montreal,Soccer,MLS,Montreal,FC Cincinnati,,,,,4a0ff6e293f4f101,MONEYLINE,Moneyline,429a0a8e49d5b6a2,HOME_WINS,Montreal,False,2025-06-09T21:31:12.642156,0.0,180.0,BODOG
02e3d3d5ae5323fc,2025-06-25T23:30:00+00:00,FC Cincinnati v Montreal,Soccer,MLS,Montreal,FC Cincinnati,,,,,4a0ff6e293f4f101,MONEYLINE,Moneyline,59d337c41f8b1228,DRAW,Draw,False,2025-06-09T21:31:00.559917,0.0,240.0,HARDROCK
0379287dc1a41794,2025-06-26T00:30:00+00:00,San Jose v FC Dallas,Soccer,MLS,FC Dallas,San Jose,,,,,39058baa1a62e520,MONEYLINE,Moneyline,1dcd9b3b210e748f,AWAY_WINS,San Jose,False,2025-06-09T21:29:12.806389,0.0,185.0,BODOG
0379287dc1a41794,2025-06-26T00:30:00+00:00,San Jose v FC Dallas,Soccer,MLS,FC Dallas,San Jose,,,,,39058baa1a62e520,MONEYLINE,Moneyline,547658a02b735675,HOME_WINS,FC Dallas,False,2025-06-09T21:29:12.806389,0.0,130.0,BODOG
0379287dc1a41794,2025-06-26T00:30:00+00:00,San Jose v FC Dallas,Soccer,MLS,FC Dallas,San Jose,,,,,39058baa1a62e520,MONEYLINE,Moneyline,e1aa3aff18814249,DRAW,Draw,False,2025-06-09T21:31:02.393984,0.0,250.0,HARDROCK
0379287dc1a41794,2025-06-26T00:30:00+00:00,San Jose v FC Dallas,Soccer,MLS,FC Dallas,San Jose,,,,,709f419a117deb62,SPREAD,Spread,7270a967b9bfdec3,HOME_COVERS,FC Dallas,True,2025-06-09T21:30:57.060922,-0.0,-138.0,BOVADA
0379287dc1a41794,2025-06-26T00:30:00+00:00,San Jose v FC Dallas,Soccer,MLS,FC Dallas,San Jose,,,,,709f419a117deb62,SPREAD,Spread,cb2ed3f266022604,AWAY_COVERS,San Jose,True,2025-06-09T21:30:57.060922,0.0,114.0,BOVADA
0379287dc1a41794,2025-06-26T00:30:00+00:00,San Jose v FC Dallas,Soccer,MLS,FC Dallas,San Jose,,,,,8ad5543278054a39,OVER_UNDER,Total,913bc546dc36bd3f,OVER,Over,True,2025-06-09T21:30:57.060922,3.0,110.0,BOVADA
0379287dc1a41794,2025-06-26T00:30:00+00:00,San Jose v FC Dallas,Soccer,MLS,FC Dallas,San Jose,,,,,8ad5543278054a39,OVER_UNDER,Total,b5cb5923df3f568a,UNDER,Under,True,2025-06-09T21:30:57.060922,3.0,-130.0,BOVADA
054c462fd897aa76,2025-06-14T23:30:00+00:00,Charlotte FC v Philadelphia,Soccer,MLS,Philadelphia,Charlotte FC,,,,,35b92f34906a199a,SPREAD,Spread,7686099812d21ad3,HOME_COVERS,Philadelphia,True,2025-06-09T21:31:13.401012,-0.5,-125.0,BOVADA
054c462fd897aa76,2025-06-14T23:30:00+00:00,Charlotte FC v Philadelphia,Soccer,MLS,Philadelphia,Charlotte FC,,,,,35b92f34906a199a,SPREAD,Spread,af3017502dd4766c,AWAY_COVERS,Charlotte FC,True,2025-06-09T21:30:25.874021,0.75,-111.0,PINNY
054c462fd897aa76,2025-06-14T23:30:00+00:00,Charlotte FC v Philadelphia,Soccer,MLS,Philadelphia,Charlotte FC,,,,,6558a62618aaea7c,MONEYLINE,Moneyline,013a10494a25e2cb,DRAW,Draw,False,2025-06-09T21:31:02.792184,0.0,320.0,BETRIVERS
054c462fd897aa76,2025-06-14T23:30:00+00:00,Charlotte FC v Philadelphia,Soccer,MLS,Philadelphia,Charlotte FC,,,,,6558a62618aaea7c,MONEYLINE,Moneyline,0ec9bb5ee8115784,HOME_WINS,Philadelphia,False,2025-06-09T21:28:34.514040,0.0,-130.0,ESPN
054c462fd897aa76,2025-06-14T23:30:00+00:00,Charlotte FC v Philadelphia,Soccer,MLS,Philadelphia,Charlotte FC,,,,,6558a62618aaea7c,MONEYLINE,Moneyline,3d9fb40d322b2263,AWAY_WINS,Charlotte FC,False,2025-06-09T21:30:01.935935,0.0,380.0,CAESARS
054c462fd897aa76,2025-06-14T23:30:00+00:00,Charlotte FC v Philadelphia,Soccer,MLS,Philadelphia,Charlotte FC,,,,,6b4e6de3eca86b16,OVER_UNDER,Total,549e222f62b4c068,OVER,Over,True,2025-06-09T21:30:01.935935,2.5,-150.0,CAESARS
054c462fd897aa76,2025-06-14T23:30:00+00:00,Charlotte FC v Philadelphia,Soccer,MLS,Philadelphia,Charlotte FC,,,,,6b4e6de3eca86b16,OVER_UNDER,Total,aa7bd6116f97f938,UNDER,Under,True,2025-06-09T21:30:31.924916,2.5,135.0,FANATICS
05eb61fb8c62f108,2025-06-15T00:30:00+00:00,FC Dallas v Sporting KC,Soccer,MLS,Sporting KC,FC Dallas,,,,,698dd77e1b889783,MONEYLINE,Moneyline,0bf0b7790ff1e742,DRAW,Draw,False,2025-06-09T21:30:20.727695,0.0,271.0,BETONLINE
05eb61fb8c62f108,2025-06-15T00:30:00+00:00,FC Dallas v Sporting KC,Soccer,MLS,Sporting KC,FC Dallas,,,,,698dd77e1b889783,MONEYLINE,Moneyline,2cdc94e40186eca6,AWAY_WINS,FC Dallas,False,2025-06-09T21:29:59.977473,0.0,260.0,CAESARS
05eb61fb8c62f108,2025-06-15T00:30:00+00:00,FC Dallas v Sporting KC,Soccer,MLS,Sporting KC,FC Dallas,,,,,698dd77e1b889783,MONEYLINE,Moneyline,cd0e0ac4adce69ee,HOME_WINS,Sporting KC,False,2025-06-09T21:29:59.977473,0.0,100.0,CAESARS
05eb61fb8c62f108,2025-06-15T00:30:00+00:00,FC Dallas v Sporting KC,Soccer,MLS,Sporting KC,FC Dallas,,,,,74c151b9fc483069,SPREAD,Spread,1ade27bf8e10a919,AWAY_COVERS,FC Dallas,True,2025-06-09T21:30:22.263392,0.5,-116.0,PINNY
05eb61fb8c62f108,2025-06-15T00:30:00+00:00,FC Dallas v Sporting KC,Soccer,MLS,Sporting KC,FC Dallas,,,,,74c151b9fc483069,SPREAD,Spread,3e748141dfcd7ee8,HOME_COVERS,Sporting KC,True,2025-06-09T21:31:03.569717,-0.5,102.0,BODOG
05eb61fb8c62f108,2025-06-15T00:30:00+00:00,FC Dallas v Sporting KC,Soccer,MLS,Sporting KC,FC Dallas,,,,,8e82becc844aecde,OVER_UNDER,Total,c2e7368d10c8652e,OVER,Over,True,2025-06-09T21:31:03.569717,2.5,-134.0,BODOG
05eb61fb8c62f108,2025-06-15T00:30:00+00:00,FC Dallas v Sporting KC,Soccer,MLS,Sporting KC,FC Dallas,,,,,8e82becc844aecde,OVER_UNDER,Total,f81b45fd4789b5a6,UNDER,Under,True,2025-06-09T21:31:10.781817,2.5,114.0,BETRIVERS
0d63811f6571de47,2025-06-26T01:30:00+00:00,LA Galaxy v Colorado,Soccer,MLS,Colorado,LA Galaxy,,,,,58c20168de970212,MONEYLINE,Moneyline,7d704a6c31eece8a,DRAW,Draw,False,2025-06-09T21:31:05.564901,0.0,230.0,HARDROCK
0d63811f6571de47,2025-06-26T01:30:00+00:00,LA Galaxy v Colorado,Soccer,MLS,Colorado,LA Galaxy,,,,,58c20168de970212,MONEYLINE,Moneyline,bdc161ca74196525,AWAY_WINS,LA Galaxy,False,2025-06-09T21:31:11.430361,0.0,170.0,BODOG
0d63811f6571de47,2025-06-26T01:30:00+00:00,LA Galaxy v Colorado,Soccer,MLS,Colorado,LA Galaxy,,,,,58c20168de970212,MONEYLINE,Moneyline,df335bedff33344b,HOME_WINS,Colorado,False,2025-06-09T21:31:11.430361,0.0,150.0,BODOG
0d63811f6571de47,2025-06-26T01:30:00+00:00,LA Galaxy v Colorado,Soccer,MLS,Colorado,LA Galaxy,,,,,8585547d73b897a4,OVER_UNDER,Total,3f0616cd98a3f779,OVER,Over,True,2025-06-09T21:31:11.430361,2.5,-132.0,BODOG
0d63811f6571de47,2025-06-26T01:30:00+00:00,LA Galaxy v Colorado,Soccer,MLS,Colorado,LA Galaxy,,,,,8585547d73b897a4,OVER_UNDER,Total,4726b0142dad0dc8,UNDER,Under,True,2025-06-09T21:31:11.430361,2.5,111.0,BODOG
0d63811f6571de47,2025-06-26T01:30:00+00:00,LA Galaxy v Colorado,Soccer,MLS,Colorado,LA Galaxy,,,,,948ce98381ab03a0,SPREAD,Spread,26d1445d4e206203,HOME_COVERS,Colorado,True,2025-06-09T21:31:11.430361,-0.0,-118.0,BODOG
0d63811f6571de47,2025-06-26T01:30:00+00:00,LA Galaxy v Colorado,Soccer,MLS,Colorado,LA Galaxy,,,,,948ce98381ab03a0,SPREAD,Spread,3af1091a89d70fea,AWAY_COVERS,LA Galaxy,True,2025-06-09T21:31:11.430361,0.0,-102.0,BODOG
142aeaf58ac06dc5,2025-06-14T02:30:00+00:00,San Jose v Portland,Soccer,MLS,Portland,San Jose,,,,,5f4db7a9a41b1aed,SPREAD,Spread,9c90f590bb0b3ba6,HOME_COVERS,Portland,True,2025-06-09T21:30:39.826006,-0.5,-118.0,BETONLINE
142aeaf58ac06dc5,2025-06-14T02:30:00+00:00,San Jose v Portland,Soccer,MLS,Portland,San Jose,,,,,5f4db7a9a41b1aed,SPREAD,Spread,f234a60e16bb3d32,AWAY_COVERS,San Jose,True,2025-06-09T21:30:26.477224,0.75,-114.0,PINNY
142aeaf58ac06dc5,2025-06-14T02:30:00+00:00,San Jose v Portland,Soccer,MLS,Portland,San Jose,,,,,a766b356a1845cad,MONEYLINE,Moneyline,08917e90833392f8,DRAW,Draw,False,2025-06-09T21:30:26.064429,0.0,320.0,BETWHALE
142aeaf58ac06dc5,2025-06-14T02:30:00+00:00,San Jose v Portland,Soccer,MLS,Portland,San Jose,,,,,a766b356a1845cad,MONEYLINE,Moneyline,2513c0c34161b9ca,AWAY_WINS,San Jose,False,2025-06-09T21:30:21.832113,0.0,320.0,CAESARS
142aeaf58ac06dc5,2025-06-14T02:30:00+00:00,San Jose v Portland,Soccer,MLS,Portland,San Jose,,,,,a766b356a1845cad,MONEYLINE,Moneyline,bb38cc51e359c63b,HOME_WINS,Portland,False,2025-06-09T21:30:39.826006,0.0,-118.0,BETONLINE
142aeaf58ac06dc5,2025-06-14T02:30:00+00:00,San Jose v Portland,Soccer,MLS,Portland,San Jose,,,,,d70291bc1cc9d5e3,OVER_UNDER,Total,1e7d510aa3dabb26,OVER,Over,True,2025-06-09T21:30:58.776631,3.5,123.0,BETRIVERS
142aeaf58ac06dc5,2025-06-14T02:30:00+00:00,San Jose v Portland,Soccer,MLS,Portland,San Jose,,,,,d70291bc1cc9d5e3,OVER_UNDER,Total,2e8b9bed8150404c,UNDER,Under,True,2025-06-09T21:30:55.740242,3.5,-134.0,BOVADA
226df1ea830bc8a0,2025-06-15T01:30:00+00:00,Orlando v Colorado,Soccer,MLS,Colorado,Orlando,,,,,4943f3a1c77bdf35,SPREAD,Spread,8e54f0a6bf41e85c,AWAY_COVERS,Orlando,True,2025-06-09T21:30:34.823119,0.0,-140.0,BODOG
226df1ea830bc8a0,2025-06-15T01:30:00+00:00,Orlando v Colorado,Soccer,MLS,Colorado,Orlando,,,,,4943f3a1c77bdf35,SPREAD,Spread,c6754bbd2739dd61,HOME_COVERS,Colorado,True,2025-06-09T21:31:20.777169,0.25,-117.0,BETRIVERS
226df1ea830bc8a0,2025-06-15T01:30:00+00:00,Orlando v Colorado,Soccer,MLS,Colorado,Orlando,,,,,837dd1f09b277223,OVER_UNDER,Total,08d0eda8325bd0a8,OVER,Over,True,2025-06-09T21:31:08.511224,2.5,-150.0,FANATICS
226df1ea830bc8a0,2025-06-15T01:30:00+00:00,Orlando v Colorado,Soccer,MLS,Colorado,Orlando,,,,,837dd1f09b277223,OVER_UNDER,Total,0aa9effea8cc62ff,UNDER,Under,True,2025-06-09T21:31:19.254121,2.75,101.0,PINNY
226df1ea830bc8a0,2025-06-15T01:30:00+00:00,Orlando v Colorado,Soccer,MLS,Colorado,Orlando,,,,,ee877d3b14466d46,MONEYLINE,Moneyline,a9d15972cf995d32,HOME_WINS,Colorado,False,2025-06-09T21:29:57.434470,0.0,200.0,CAESARS
226df1ea830bc8a0,2025-06-15T01:30:00+00:00,Orlando v Colorado,Soccer,MLS,Colorado,Orlando,,,,,ee877d3b14466d46,MONEYLINE,Moneyline,c18ace9dcca885e7,AWAY_WINS,Orlando,False,2025-06-09T21:31:19.254121,0.0,132.0,PINNY
226df1ea830bc8a0,2025-06-15T01:30:00+00:00,Orlando v Colorado,Soccer,MLS,Colorado,Orlando,,,,,ee877d3b14466d46,MONEYLINE,Moneyline,fe348107c541fc95,DRAW,Draw,False,2025-06-09T21:31:20.777169,0.0,275.0,BETRIVERS
26c8e4031f71ec5f,2025-06-25T23:30:00+00:00,NY Red Bulls v Toronto,Soccer,MLS,Toronto,NY Red Bulls,,,,,5877f75f8bc8f5e0,OVER_UNDER,Total,70bc2816e497ff41,UNDER,Under,True,2025-06-09T21:31:15.942556,2.5,-105.0,BODOG
26c8e4031f71ec5f,2025-06-25T23:30:00+00:00,NY Red Bulls v Toronto,Soccer,MLS,Toronto,NY Red Bulls,,,,,5877f75f8bc8f5e0,OVER_UNDER,Total,f60bb1405ac317a8,OVER,Over,True,2025-06-09T21:31:15.942556,2.5,-115.0,BODOG
26c8e4031f71ec5f,2025-06-25T23:30:00+00:00,NY Red Bulls v Toronto,Soccer,MLS,Toronto,NY Red Bulls,,,,,a21cd280ac7b96d3,SPREAD,Spread,eaf9ceaa4318e3b3,HOME_COVERS,Toronto,True,2025-06-09T21:29:39.214264,0.5,-145.0,BOVADA
26c8e4031f71ec5f,2025-06-25T23:30:00+00:00,NY Red Bulls v Toronto,Soccer,MLS,Toronto,NY Red Bulls,,,,,a21cd280ac7b96d3,SPREAD,Spread,f26c3e442da558ab,AWAY_COVERS,NY Red Bulls,True,2025-06-09T21:29:39.214264,-0.5,120.0,BOVADA
26c8e4031f71ec5f,2025-06-25T23:30:00+00:00,NY Red Bulls v Toronto,Soccer,MLS,Toronto,NY Red Bulls,,,,,e9eebd0bdd010ac0,MONEYLINE,Moneyline,7281ec1446ba05e2,DRAW,Draw,False,2025-06-09T21:31:02.063032,0.0,220.0,HARDROCK
26c8e4031f71ec5f,2025-06-25T23:30:00+00:00,NY Red Bulls v Toronto,Soccer,MLS,Toronto,NY Red Bulls,,,,,e9eebd0bdd010ac0,MONEYLINE,Moneyline,a8a1bb3671c7b1e9,AWAY_WINS,NY Red Bulls,False,2025-06-09T21:31:15.942556,0.0,120.0,BODOG
26c8e4031f71ec5f,2025-06-25T23:30:00+00:00,NY Red Bulls v Toronto,Soccer,MLS,Toronto,NY Red Bulls,,,,,e9eebd0bdd010ac0,MONEYLINE,Moneyline,b55fee3f06daf4d7,HOME_WINS,Toronto,False,2025-06-09T21:31:02.063032,0.0,230.0,HARDROCK
27426b34ddc04a90,2025-06-10T17:00:00+00:00,Algeria v Sweden,Soccer,International Friendlies,Sweden,Algeria,,,,,61498695f66c84fb,MONEYLINE,Moneyline,00be0648638cf758,AWAY_WINS,Algeria,False,2025-06-09T21:30:46.613858,0.0,340.0,BETRIVERS
27426b34ddc04a90,2025-06-10T17:00:00+00:00,Algeria v Sweden,Soccer,International Friendlies,Sweden,Algeria,,,,,61498695f66c84fb,MONEYLINE,Moneyline,0cfb8b8fb93b866b,DRAW,Draw,False,2025-06-09T21:30:46.613858,0.0,295.0,BETRIVERS
27426b34ddc04a90,2025-06-10T17:00:00+00:00,Algeria v Sweden,Soccer,International Friendlies,Sweden,Algeria,,,,,61498695f66c84fb,MONEYLINE,Moneyline,773fd7776fda6e0f,HOME_WINS,Sweden,False,2025-06-09T21:30:32.833775,0.0,-115.0,FANATICS
27426b34ddc04a90,2025-06-10T17:00:00+00:00,Algeria v Sweden,Soccer,International Friendlies,Sweden,Algeria,,,,,a3dc1d917dd0a89b,SPREAD,Spread,176eb00b43a5169c,HOME_COVERS,Sweden,True,2025-06-09T21:30:03.360781,-0.5,-115.0,CAESARS
27426b34ddc04a90,2025-06-10T17:00:00+00:00,Algeria v Sweden,Soccer,International Friendlies,Sweden,Algeria,,,,,a3dc1d917dd0a89b,SPREAD,Spread,b9a1c844abaa96fc,AWAY_COVERS,Algeria,True,2025-06-09T21:30:24.665736,0.5,104.0,PINNY
27426b34ddc04a90,2025-06-10T17:00:00+00:00,Algeria v Sweden,Soccer,International Friendlies,Sweden,Algeria,,,,,bea94ba1e9e51d0e,OVER_UNDER,Total,47dab2c210a0d23a,OVER,Over,True,2025-06-09T21:30:46.613858,2.5,-113.0,BETRIVERS
27426b34ddc04a90,2025-06-10T17:00:00+00:00,Algeria v Sweden,Soccer,International Friendlies,Sweden,Algeria,,,,,bea94ba1e9e51d0e,OVER_UNDER,Total,8a55f8cec773529f,UNDER,Under,True,2025-06-09T21:30:31.706981,2.75,-117.0,BETONLINE
2c52b10f74d5ac10,2025-06-15T00:30:00+00:00,Nashville SC v Chicago,Soccer,MLS,Chicago,Nashville SC,,,,,323c836a1b190d5c,SPREAD,Spread,1a5f3942460bb660,HOME_COVERS,Chicago,True,2025-06-09T21:30:27.976568,-0.0,-125.0,PINNY
2c52b10f74d5ac10,2025-06-15T00:30:00+00:00,Nashville SC v Chicago,Soccer,MLS,Chicago,Nashville SC,,,,,323c836a1b190d5c,SPREAD,Spread,a32e5bfdc856a786,AWAY_COVERS,Nashville SC,True,2025-06-09T21:29:27.854907,0.0,110.0,BODOG
2c52b10f74d5ac10,2025-06-15T00:30:00+00:00,Nashville SC v Chicago,Soccer,MLS,Chicago,Nashville SC,,,,,c5669f188cde75aa,OVER_UNDER,Total,1a19eb40a9530cc7,OVER,Over,True,2025-06-09T21:30:38.566661,3.0,-108.0,BETONLINE
2c52b10f74d5ac10,2025-06-15T00:30:00+00:00,Nashville SC v Chicago,Soccer,MLS,Chicago,Nashville SC,,,,,c5669f188cde75aa,OVER_UNDER,Total,972747cda5266c1c,UNDER,Under,True,2025-06-09T21:31:01.182051,3.0,-108.0,BOVADA
2c52b10f74d5ac10,2025-06-15T00:30:00+00:00,Nashville SC v Chicago,Soccer,MLS,Chicago,Nashville SC,,,,,f39c32e71a499a19,MONEYLINE,Moneyline,9e309b485624cdf6,HOME_WINS,Chicago,False,2025-06-09T21:30:38.566661,0.0,144.0,BETONLINE
2c52b10f74d5ac10,2025-06-15T00:30:00+00:00,Nashville SC v Chicago,Soccer,MLS,Chicago,Nashville SC,,,,,f39c32e71a499a19,MONEYLINE,Moneyline,c32a09ce72014f10,DRAW,Draw,False,2025-06-09T21:30:16.777686,0.0,280.0,BETRIVERS
2c52b10f74d5ac10,2025-06-15T00:30:00+00:00,Nashville SC v Chicago,Soccer,MLS,Chicago,Nashville SC,,,,,f39c32e71a499a19,MONEYLINE,Moneyline,fb0d8adf72ac4159,AWAY_WINS,Nashville SC,False,2025-06-09T21:30:38.566661,0.0,180.0,BETONLINE
2f53725cac3195dd,2025-06-12T23:30:00+00:00,Atlanta v NYCFC,Soccer,MLS,NYCFC,Atlanta,,,,,4aedf69d86ebbafa,MONEYLINE,Moneyline,351cd96684f318c8,DRAW,Draw,False,2025-06-09T21:30:25.946992,0.0,281.0,BETWHALE
2f53725cac3195dd,2025-06-12T23:30:00+00:00,Atlanta v NYCFC,Soccer,MLS,NYCFC,Atlanta,,,,,4aedf69d86ebbafa,MONEYLINE,Moneyline,9b3051eb7ea671ff,AWAY_WINS,Atlanta,False,2025-06-09T21:30:22.538492,0.0,270.0,CAESARS
2f53725cac3195dd,2025-06-12T23:30:00+00:00,Atlanta v NYCFC,Soccer,MLS,NYCFC,Atlanta,,,,,4aedf69d86ebbafa,MONEYLINE,Moneyline,c27ab3268a3df9ed,HOME_WINS,NYCFC,False,2025-06-09T21:30:56.863422,0.0,-104.0,BETRIVERS
2f53725cac3195dd,2025-06-12T23:30:00+00:00,Atlanta v NYCFC,Soccer,MLS,NYCFC,Atlanta,,,,,531d58e78f26286f,OVER_UNDER,Total,85a93e3bfb8ae840,UNDER,Under,True,2025-06-09T21:30:21.957222,2.75,103.0,PINNY
2f53725cac3195dd,2025-06-12T23:30:00+00:00,Atlanta v NYCFC,Soccer,MLS,NYCFC,Atlanta,,,,,531d58e78f26286f,OVER_UNDER,Total,9d19f9d619a924d8,OVER,Over,True,2025-06-09T21:30:22.538492,2.5,-150.0,CAESARS
2f53725cac3195dd,2025-06-12T23:30:00+00:00,Atlanta v NYCFC,Soccer,MLS,NYCFC,Atlanta,,,,,e92962b7ed9db90d,SPREAD,Spread,439232eb46128ff4,HOME_COVERS,NYCFC,True,2025-06-09T21:30:21.957222,-0.5,-103.0,PINNY
2f53725cac3195dd,2025-06-12T23:30:00+00:00,Atlanta v NYCFC,Soccer,MLS,NYCFC,Atlanta,,,,,e92962b7ed9db90d,SPREAD,Spread,a49084b82118d5ed,AWAY_COVERS,Atlanta,True,2025-06-09T21:30:21.957222,0.5,-113.0,PINNY
2fcdf9a622c24fe5,2025-06-25T23:30:00+00:00,Nashville SC v New England,Soccer,MLS,New England,Nashville SC,,,,,6affc484d71c75f8,SPREAD,Spread,57cf05187d383c11,HOME_COVERS,New England,True,2025-06-09T21:31:01.042184,0.5,-195.0,HARDROCK
2fcdf9a622c24fe5,2025-06-25T23:30:00+00:00,Nashville SC v New England,Soccer,MLS,New England,Nashville SC,,,,,6affc484d71c75f8,SPREAD,Spread,fc74c53bd7d363f8,AWAY_COVERS,Nashville SC,True,2025-06-09T21:28:52.534780,0.0,-112.0,BODOG
2fcdf9a622c24fe5,2025-06-25T23:30:00+00:00,Nashville SC v New England,Soccer,MLS,New England,Nashville SC,,,,,7366b54102525a25,MONEYLINE,Moneyline,809bb5a08b1279f3,DRAW,Draw,False,2025-06-09T21:31:01.042184,0.0,240.0,HARDROCK
2fcdf9a622c24fe5,2025-06-25T23:30:00+00:00,Nashville SC v New England,Soccer,MLS,New England,Nashville SC,,,,,7366b54102525a25,MONEYLINE,Moneyline,97fdaf425cd39fcf,AWAY_WINS,Nashville SC,False,2025-06-09T21:28:23.147797,0.0,155.0,BOVADA
2fcdf9a622c24fe5,2025-06-25T23:30:00+00:00,Nashville SC v New England,Soccer,MLS,New England,Nashville SC,,,,,7366b54102525a25,MONEYLINE,Moneyline,e8f851642ac095ed,HOME_WINS,New England,False,2025-06-09T21:28:52.534780,0.0,160.0,BODOG
2fcdf9a622c24fe5,2025-06-25T23:30:00+00:00,Nashville SC v New England,Soccer,MLS,New England,Nashville SC,,,,,b00b9a270bb874f2,OVER_UNDER,Total,c6858b112b84d6fc,OVER,Over,True,2025-06-09T21:28:52.534780,2.5,-115.0,BODOG
2fcdf9a622c24fe5,2025-06-25T23:30:00+00:00,Nashville SC v New England,Soccer,MLS,New England,Nashville SC,,,,,b00b9a270bb874f2,OVER_UNDER,Total,e90af329165d10c8,UNDER,Under,True,2025-06-09T21:28:52.534780,2.5,-105.0,BODOG
2fdc5bd763a7864f,2025-06-10T16:00:00+00:00,Namibia v Lesotho,Soccer,International Friendlies,Lesotho,Namibia,,,,,85f0b451d4531170,SPREAD,Spread,9ca637c356167180,AWAY_COVERS,Namibia,False,2025-06-09T21:31:15.184225,-0.5,-120.0,BETONLINE
2fdc5bd763a7864f,2025-06-10T16:00:00+00:00,Namibia v Lesotho,Soccer,International Friendlies,Lesotho,Namibia,,,,,85f0b451d4531170,SPREAD,Spread,b08aaf2a8e997a09,HOME_COVERS,Lesotho,False,2025-06-09T21:31:15.184225,0.5,-110.0,BETONLINE
2fdc5bd763a7864f,2025-06-10T16:00:00+00:00,Namibia v Lesotho,Soccer,International Friendlies,Lesotho,Namibia,,,,,b0a89b7fdfdc67e0,OVER_UNDER,Total,5e4dab01442cfb29,OVER,Over,False,2025-06-09T21:31:15.184225,1.75,-131.0,BETONLINE
2fdc5bd763a7864f,2025-06-10T16:00:00+00:00,Namibia v Lesotho,Soccer,International Friendlies,Lesotho,Namibia,,,,,b0a89b7fdfdc67e0,OVER_UNDER,Total,802ccea3b5814388,UNDER,Under,False,2025-06-09T21:31:15.184225,1.75,101.0,BETONLINE
32f73ee16ca69790,2025-06-10T18:45:00+00:00,Ireland v Luxembourg,Soccer,International Friendlies,Luxembourg,Ireland,,,,,195f4d58cd668105,OVER_UNDER,Total,440e4070f07dd025,OVER,Over,True,2025-06-09T21:30:23.167033,2.0,-118.0,PINNY
32f73ee16ca69790,2025-06-10T18:45:00+00:00,Ireland v Luxembourg,Soccer,International Friendlies,Luxembourg,Ireland,,,,,195f4d58cd668105,OVER_UNDER,Total,fbc113d5143f8b83,UNDER,Under,True,2025-06-09T21:30:34.603913,2.0,102.0,BETONLINE
32f73ee16ca69790,2025-06-10T18:45:00+00:00,Ireland v Luxembourg,Soccer,International Friendlies,Luxembourg,Ireland,,,,,2edbc4ce50981032,SPREAD,Spread,15b40c38e16c96a7,AWAY_COVERS,Ireland,True,2025-06-09T21:30:34.603913,-0.5,107.0,BETONLINE
32f73ee16ca69790,2025-06-10T18:45:00+00:00,Ireland v Luxembourg,Soccer,International Friendlies,Luxembourg,Ireland,,,,,2edbc4ce50981032,SPREAD,Spread,a6eda5997bd2318e,HOME_COVERS,Luxembourg,True,2025-06-09T21:30:23.167033,0.5,-120.0,PINNY
32f73ee16ca69790,2025-06-10T18:45:00+00:00,Ireland v Luxembourg,Soccer,International Friendlies,Luxembourg,Ireland,,,,,4f8770c6627940f5,MONEYLINE,Moneyline,660ac10cffabb23e,DRAW,Draw,False,2025-06-09T21:30:23.167033,0.0,221.0,PINNY
32f73ee16ca69790,2025-06-10T18:45:00+00:00,Ireland v Luxembourg,Soccer,International Friendlies,Luxembourg,Ireland,,,,,4f8770c6627940f5,MONEYLINE,Moneyline,bcd514d3e10fc614,AWAY_WINS,Ireland,False,2025-06-09T21:30:34.603913,0.0,105.0,BETONLINE
32f73ee16ca69790,2025-06-10T18:45:00+00:00,Ireland v Luxembourg,Soccer,International Friendlies,Luxembourg,Ireland,,,,,4f8770c6627940f5,MONEYLINE,Moneyline,e1879e2374ad9bee,HOME_WINS,Luxembourg,False,2025-06-09T21:30:23.167033,0.0,311.0,PINNY
349e8b5cdce847d3,2025-06-10T18:45:00+00:00,Iceland v Northern Ireland,Soccer,International Friendlies,Northern Ireland,Iceland,,,,,2577e4d3dbb49d9c,OVER_UNDER,Total,2330cc7c75cf363e,UNDER,Under,True,2025-06-09T21:30:24.363530,2.25,-106.0,PINNY
349e8b5cdce847d3,2025-06-10T18:45:00+00:00,Iceland v Northern Ireland,Soccer,International Friendlies,Northern Ireland,Iceland,,,,,2577e4d3dbb49d9c,OVER_UNDER,Total,889a58d2990a85d6,OVER,Over,True,2025-06-09T21:31:19.744823,2.25,-105.0,BETONLINE
349e8b5cdce847d3,2025-06-10T18:45:00+00:00,Iceland v Northern Ireland,Soccer,International Friendlies,Northern Ireland,Iceland,,,,,4231b2dac32605e7,SPREAD,Spread,51de01a8476c95fa,HOME_COVERS,Northern Ireland,True,2025-06-09T21:30:24.363530,-0.25,-117.0,PINNY
349e8b5cdce847d3,2025-06-10T18:45:00+00:00,Iceland v Northern Ireland,Soccer,International Friendlies,Northern Ireland,Iceland,,,,,4231b2dac32605e7,SPREAD,Spread,5296825a2e4dd266,AWAY_COVERS,Iceland,True,2025-06-09T21:30:24.363530,0.25,102.0,PINNY
349e8b5cdce847d3,2025-06-10T18:45:00+00:00,Iceland v Northern Ireland,Soccer,International Friendlies,Northern Ireland,Iceland,,,,,cdb67c54fee320d5,MONEYLINE,Moneyline,0a3f2b8e4287e192,AWAY_WINS,Iceland,False,2025-06-09T21:30:24.363530,0.0,257.0,PINNY
349e8b5cdce847d3,2025-06-10T18:45:00+00:00,Iceland v Northern Ireland,Soccer,International Friendlies,Northern Ireland,Iceland,,,,,cdb67c54fee320d5,MONEYLINE,Moneyline,269c129e40820742,DRAW,Draw,False,2025-06-09T21:30:24.363530,0.0,231.0,PINNY
349e8b5cdce847d3,2025-06-10T18:45:00+00:00,Iceland v Northern Ireland,Soccer,International Friendlies,Northern Ireland,Iceland,,,,,cdb67c54fee320d5,MONEYLINE,Moneyline,3bcb7d355450deb9,HOME_WINS,Northern Ireland,False,2025-06-09T21:30:24.363530,0.0,116.0,PINNY
41276e0707fb5e65,2025-06-10T18:00:00+00:00,Lithuania v Denmark,Soccer,International Friendlies,Denmark,Lithuania,,,,,0f68c8b4c8f55e86,MONEYLINE,Moneyline,037fae648c0424ec,HOME_WINS,Denmark,False,2025-06-09T21:30:48.617768,0.0,-835.0,BETRIVERS
41276e0707fb5e65,2025-06-10T18:00:00+00:00,Lithuania v Denmark,Soccer,International Friendlies,Denmark,Lithuania,,,,,0f68c8b4c8f55e86,MONEYLINE,Moneyline,2b802e87be521af7,AWAY_WINS,Lithuania,False,2025-06-09T21:30:08.613843,0.0,2300.0,CAESARS
41276e0707fb5e65,2025-06-10T18:00:00+00:00,Lithuania v Denmark,Soccer,International Friendlies,Denmark,Lithuania,,,,,0f68c8b4c8f55e86,MONEYLINE,Moneyline,7aa446516feea89e,DRAW,Draw,False,2025-06-09T21:30:48.617768,0.0,950.0,BETRIVERS
41276e0707fb5e65,2025-06-10T18:00:00+00:00,Lithuania v Denmark,Soccer,International Friendlies,Denmark,Lithuania,,,,,83cab33a7f92f934,SPREAD,Spread,010b241ab6087d81,HOME_COVERS,Denmark,True,2025-06-09T21:31:11.524591,-2.25,-113.0,BETPARX
41276e0707fb5e65,2025-06-10T18:00:00+00:00,Lithuania v Denmark,Soccer,International Friendlies,Denmark,Lithuania,,,,,83cab33a7f92f934,SPREAD,Spread,d2d45e235bfb32cf,AWAY_COVERS,Lithuania,True,2025-06-09T21:31:18.055950,2.5,-124.0,PINNY
41276e0707fb5e65,2025-06-10T18:00:00+00:00,Lithuania v Denmark,Soccer,International Friendlies,Denmark,Lithuania,,,,,d93137cd29ec6510,OVER_UNDER,Total,06ef663374e82fbd,UNDER,Under,True,2025-06-09T21:30:31.489572,3.5,-145.0,FANATICS
41276e0707fb5e65,2025-06-10T18:00:00+00:00,Lithuania v Denmark,Soccer,International Friendlies,Denmark,Lithuania,,,,,d93137cd29ec6510,OVER_UNDER,Total,7404f880216261a4,OVER,Over,True,2025-06-09T21:30:08.613843,3.5,127.0,CAESARS
51704cd7e4759b6a,2025-06-14T23:30:00+00:00,Vancouver v Columbus,Soccer,MLS,Columbus,Vancouver,,,,,482b1e08f6ccae15,SPREAD,Spread,02b450e41f7e27a7,AWAY_COVERS,Vancouver,True,2025-06-09T21:30:27.378797,0.75,-122.0,PINNY
51704cd7e4759b6a,2025-06-14T23:30:00+00:00,Vancouver v Columbus,Soccer,MLS,Columbus,Vancouver,,,,,482b1e08f6ccae15,SPREAD,Spread,3d114e7f397bdc2e,HOME_COVERS,Columbus,True,2025-06-09T21:30:02.456415,-0.5,-115.0,CAESARS
51704cd7e4759b6a,2025-06-14T23:30:00+00:00,Vancouver v Columbus,Soccer,MLS,Columbus,Vancouver,,,,,4fa2e2ce75d7d34c,MONEYLINE,Moneyline,487d655d27edfd95,AWAY_WINS,Vancouver,False,2025-06-09T21:30:27.378797,0.0,301.0,PINNY
51704cd7e4759b6a,2025-06-14T23:30:00+00:00,Vancouver v Columbus,Soccer,MLS,Columbus,Vancouver,,,,,4fa2e2ce75d7d34c,MONEYLINE,Moneyline,6699aa65aa7abccc,HOME_WINS,Columbus,False,2025-06-09T21:30:54.172860,0.0,-115.0,BETMGM
51704cd7e4759b6a,2025-06-14T23:30:00+00:00,Vancouver v Columbus,Soccer,MLS,Columbus,Vancouver,,,,,4fa2e2ce75d7d34c,MONEYLINE,Moneyline,db15b8d326d5eb1e,DRAW,Draw,False,2025-06-09T21:30:55.222097,0.0,300.0,FANATICS
51704cd7e4759b6a,2025-06-14T23:30:00+00:00,Vancouver v Columbus,Soccer,MLS,Columbus,Vancouver,,,,,72a56f1dd2483c3b,OVER_UNDER,Total,3a1130a838e4e405,UNDER,Under,True,2025-06-09T21:30:27.378797,2.75,100.0,PINNY
51704cd7e4759b6a,2025-06-14T23:30:00+00:00,Vancouver v Columbus,Soccer,MLS,Columbus,Vancouver,,,,,72a56f1dd2483c3b,OVER_UNDER,Total,678868ec36a49405,OVER,Over,True,2025-06-09T21:30:02.456415,2.5,-135.0,CAESARS
5e9af0e5ee6fd5b9,2025-06-10T18:45:00+00:00,Slovakia v Israel,Soccer,International Friendlies,Israel,Slovakia,,,,,5762674e61f47d77,OVER_UNDER,Total,5347d9f739e6046a,OVER,Over,True,2025-06-09T21:30:58.612031,1.5,-215.0,BETRIVERS
5e9af0e5ee6fd5b9,2025-06-10T18:45:00+00:00,Slovakia v Israel,Soccer,International Friendlies,Israel,Slovakia,,,,,5762674e61f47d77,OVER_UNDER,Total,89893453b6db3ef9,UNDER,Under,True,2025-06-09T21:31:20.466526,2.0,105.0,PINNY
5e9af0e5ee6fd5b9,2025-06-10T18:45:00+00:00,Slovakia v Israel,Soccer,International Friendlies,Israel,Slovakia,,,,,5dfa6e91ce3327e4,SPREAD,Spread,39346222f349fb2b,HOME_COVERS,Israel,True,2025-06-09T21:31:20.466526,0.0,-100.0,PINNY
5e9af0e5ee6fd5b9,2025-06-10T18:45:00+00:00,Slovakia v Israel,Soccer,International Friendlies,Israel,Slovakia,,,,,5dfa6e91ce3327e4,SPREAD,Spread,ec0aab5a5a01fa17,AWAY_COVERS,Slovakia,True,2025-06-09T21:30:21.529096,0.0,-109.0,BETPARX
5e9af0e5ee6fd5b9,2025-06-10T18:45:00+00:00,Slovakia v Israel,Soccer,International Friendlies,Israel,Slovakia,,,,,b2f8d6362d18747a,MONEYLINE,Moneyline,646f21f00e1c15be,HOME_WINS,Israel,False,2025-06-09T21:31:20.466526,0.0,182.0,PINNY
5e9af0e5ee6fd5b9,2025-06-10T18:45:00+00:00,Slovakia v Israel,Soccer,International Friendlies,Israel,Slovakia,,,,,b2f8d6362d18747a,MONEYLINE,Moneyline,b4f746518f0d1079,AWAY_WINS,Slovakia,False,2025-06-09T21:30:58.612031,0.0,175.0,BETRIVERS
5e9af0e5ee6fd5b9,2025-06-10T18:45:00+00:00,Slovakia v Israel,Soccer,International Friendlies,Israel,Slovakia,,,,,b2f8d6362d18747a,MONEYLINE,Moneyline,dfa589b3ff11588a,DRAW,Draw,False,2025-06-09T21:30:58.612031,0.0,215.0,BETRIVERS
5f3150c122c43a40,2025-06-10T21:00:00+00:00,Ukraine v New Zealand,Soccer,International Friendlies,New Zealand,Ukraine,,,,,292270022b98860d,MONEYLINE,Moneyline,440b4c49be94f2ea,HOME_WINS,New Zealand,False,2025-06-09T21:30:53.327895,0.0,370.0,FANDUEL
5f3150c122c43a40,2025-06-10T21:00:00+00:00,Ukraine v New Zealand,Soccer,International Friendlies,New Zealand,Ukraine,,,,,292270022b98860d,MONEYLINE,Moneyline,84167a2335fc79ae,DRAW,Draw,False,2025-06-09T21:31:09,0.0,300.0,BET365
5f3150c122c43a40,2025-06-10T21:00:00+00:00,Ukraine v New Zealand,Soccer,International Friendlies,New Zealand,Ukraine,,,,,292270022b98860d,MONEYLINE,Moneyline,9e6c826e4faab785,AWAY_WINS,Ukraine,False,2025-06-09T21:30:24.962860,0.0,-134.0,PINNY
5f3150c122c43a40,2025-06-10T21:00:00+00:00,Ukraine v New Zealand,Soccer,International Friendlies,New Zealand,Ukraine,,,,,a2b51724d4d947b6,SPREAD,Spread,9519740fbf6a1bfa,AWAY_COVERS,Ukraine,True,2025-06-09T21:30:24.962860,-0.75,-105.0,PINNY
5f3150c122c43a40,2025-06-10T21:00:00+00:00,Ukraine v New Zealand,Soccer,International Friendlies,New Zealand,Ukraine,,,,,a2b51724d4d947b6,SPREAD,Spread,e815dc60d1e077ae,HOME_COVERS,New Zealand,True,2025-06-09T21:30:24.962860,0.75,-110.0,PINNY
5f3150c122c43a40,2025-06-10T21:00:00+00:00,Ukraine v New Zealand,Soccer,International Friendlies,New Zealand,Ukraine,,,,,cace85398fa5ff93,OVER_UNDER,Total,63523e3b37ab4b06,OVER,Over,True,2025-06-09T21:30:24.962860,2.5,-115.0,PINNY
5f3150c122c43a40,2025-06-10T21:00:00+00:00,Ukraine v New Zealand,Soccer,International Friendlies,New Zealand,Ukraine,,,,,cace85398fa5ff93,OVER_UNDER,Total,cc1e5320b8481dbb,UNDER,Under,True,2025-06-09T21:31:15.851512,2.75,-129.0,BETONLINE
5fedad6bf9ecbbe4,2025-06-15T00:30:00+00:00,Montreal v Houston,Soccer,MLS,Houston,Montreal,,,,,44fb5357f64d69a5,MONEYLINE,Moneyline,11adc82409e767f0,AWAY_WINS,Montreal,False,2025-06-09T21:31:12.775422,0.0,410.0,BETRIVERS
5fedad6bf9ecbbe4,2025-06-15T00:30:00+00:00,Montreal v Houston,Soccer,MLS,Houston,Montreal,,,,,44fb5357f64d69a5,MONEYLINE,Moneyline,73699ce0f1e91048,DRAW,Draw,False,2025-06-09T21:31:12.775422,0.0,310.0,BETRIVERS
5fedad6bf9ecbbe4,2025-06-15T00:30:00+00:00,Montreal v Houston,Soccer,MLS,Houston,Montreal,,,,,44fb5357f64d69a5,MONEYLINE,Moneyline,e5ec77305463ac76,HOME_WINS,Houston,False,2025-06-09T21:30:26.174957,0.0,-144.0,PINNY
5fedad6bf9ecbbe4,2025-06-15T00:30:00+00:00,Montreal v Houston,Soccer,MLS,Houston,Montreal,,,,,767fb6739b5c78b1,OVER_UNDER,Total,b21c42ef58c0de1b,OVER,Over,True,2025-06-09T21:30:26.174957,2.5,-118.0,PINNY
5fedad6bf9ecbbe4,2025-06-15T00:30:00+00:00,Montreal v Houston,Soccer,MLS,Houston,Montreal,,,,,767fb6739b5c78b1,OVER_UNDER,Total,fec1515030b669de,UNDER,Under,True,2025-06-09T21:31:01.082280,2.5,105.0,HARDROCK
5fedad6bf9ecbbe4,2025-06-15T00:30:00+00:00,Montreal v Houston,Soccer,MLS,Houston,Montreal,,,,,a9a1b1a143984a83,SPREAD,Spread,a3d713848a83e89c,HOME_COVERS,Houston,True,2025-06-09T21:30:26.174957,-0.75,-110.0,PINNY
5fedad6bf9ecbbe4,2025-06-15T00:30:00+00:00,Montreal v Houston,Soccer,MLS,Houston,Montreal,,,,,a9a1b1a143984a83,SPREAD,Spread,ec3ea7bad899ffdc,AWAY_COVERS,Montreal,True,2025-06-09T21:30:44.716468,1.0,-136.0,BOVADA
61813e2124e6d95c,2025-06-14T23:30:00+00:00,FC Cincinnati v New England,Soccer,MLS,New England,FC Cincinnati,,,,,452db84ddae067f6,OVER_UNDER,Total,a141a28d52c56a58,OVER,Over,True,2025-06-09T21:30:34.974338,2.75,-103.0,BETONLINE
61813e2124e6d95c,2025-06-14T23:30:00+00:00,FC Cincinnati v New England,Soccer,MLS,New England,FC Cincinnati,,,,,452db84ddae067f6,OVER_UNDER,Total,bffa847b15b97813,UNDER,Under,True,2025-06-09T21:31:19.858401,2.75,-112.0,PINNY
61813e2124e6d95c,2025-06-14T23:30:00+00:00,FC Cincinnati v New England,Soccer,MLS,New England,FC Cincinnati,,,,,b3626411d8626a1e,MONEYLINE,Moneyline,58c65b8ce4c66902,DRAW,Draw,False,2025-06-09T21:31:04.806477,0.0,265.0,BETRIVERS
61813e2124e6d95c,2025-06-14T23:30:00+00:00,FC Cincinnati v New England,Soccer,MLS,New England,FC Cincinnati,,,,,b3626411d8626a1e,MONEYLINE,Moneyline,60d1ff07ee015a16,HOME_WINS,New England,False,2025-06-09T21:30:34.974338,0.0,162.0,BETONLINE
61813e2124e6d95c,2025-06-14T23:30:00+00:00,FC Cincinnati v New England,Soccer,MLS,New England,FC Cincinnati,,,,,b3626411d8626a1e,MONEYLINE,Moneyline,e7aaa28962f60fbe,AWAY_WINS,FC Cincinnati,False,2025-06-09T21:30:58.819190,0.0,165.0,BOVADA
61813e2124e6d95c,2025-06-14T23:30:00+00:00,FC Cincinnati v New England,Soccer,MLS,New England,FC Cincinnati,,,,,f3f57a765d9c7cb1,SPREAD,Spread,2df38d41af6ae4ff,HOME_COVERS,New England,True,2025-06-09T21:30:34.974338,-0.0,-109.0,BETONLINE
61813e2124e6d95c,2025-06-14T23:30:00+00:00,FC Cincinnati v New England,Soccer,MLS,New England,FC Cincinnati,,,,,f3f57a765d9c7cb1,SPREAD,Spread,cd4c438197d24ec5,AWAY_COVERS,FC Cincinnati,True,2025-06-09T21:31:19.858401,-0.0,-105.0,PINNY
621276b2c5db3ded,2025-06-26T00:30:00+00:00,Philadelphia v Chicago,Soccer,MLS,Chicago,Philadelphia,,,,,09403ecc264d0352,SPREAD,Spread,97804316a057dc3c,HOME_COVERS,Chicago,True,2025-06-09T21:30:29.742499,-0.0,-132.0,BOVADA
621276b2c5db3ded,2025-06-26T00:30:00+00:00,Philadelphia v Chicago,Soccer,MLS,Chicago,Philadelphia,,,,,09403ecc264d0352,SPREAD,Spread,d5c9bd44d6ca7ed3,AWAY_COVERS,Philadelphia,True,2025-06-09T21:30:29.742499,0.0,111.0,BOVADA
621276b2c5db3ded,2025-06-26T00:30:00+00:00,Philadelphia v Chicago,Soccer,MLS,Chicago,Philadelphia,,,,,27c48630bcedab75,MONEYLINE,Moneyline,ad195f3cf150147e,HOME_WINS,Chicago,False,2025-06-09T21:30:29.742499,0.0,130.0,BOVADA
621276b2c5db3ded,2025-06-26T00:30:00+00:00,Philadelphia v Chicago,Soccer,MLS,Chicago,Philadelphia,,,,,27c48630bcedab75,MONEYLINE,Moneyline,b6f5e052f652d34e,AWAY_WINS,Philadelphia,False,2025-06-09T21:29:52.938746,0.0,175.0,BODOG
621276b2c5db3ded,2025-06-26T00:30:00+00:00,Philadelphia v Chicago,Soccer,MLS,Chicago,Philadelphia,,,,,27c48630bcedab75,MONEYLINE,Moneyline,d824e2ad8a47fb93,DRAW,Draw,False,2025-06-09T21:31:03.016025,0.0,275.0,HARDROCK
621276b2c5db3ded,2025-06-26T00:30:00+00:00,Philadelphia v Chicago,Soccer,MLS,Chicago,Philadelphia,,,,,aa6b79b31593a3b6,OVER_UNDER,Total,f6509bc2f3847015,OVER,Over,True,2025-06-09T21:29:52.938746,3.0,-125.0,BODOG
621276b2c5db3ded,2025-06-26T00:30:00+00:00,Philadelphia v Chicago,Soccer,MLS,Chicago,Philadelphia,,,,,aa6b79b31593a3b6,OVER_UNDER,Total,fd9392eb2cecd48a,UNDER,Under,True,2025-06-09T21:29:52.938746,3.0,105.0,BODOG
76fd071bd3b99f16,2025-06-10T16:00:00+00:00,Malawi v Angola,Soccer,International Friendlies,Angola,Malawi,,,,,5dc823b38c5debda,SPREAD,Spread,a57fbaf71667807b,AWAY_COVERS,Malawi,False,2025-06-09T21:31:16.047144,1.0,-170.0,BETONLINE
76fd071bd3b99f16,2025-06-10T16:00:00+00:00,Malawi v Angola,Soccer,International Friendlies,Angola,Malawi,,,,,5dc823b38c5debda,SPREAD,Spread,ccb188a35392d836,HOME_COVERS,Angola,False,2025-06-09T21:31:16.047144,-1.0,130.0,BETONLINE
76fd071bd3b99f16,2025-06-10T16:00:00+00:00,Malawi v Angola,Soccer,International Friendlies,Angola,Malawi,,,,,bc95bd157c8e604b,OVER_UNDER,Total,46a3058cec251c66,UNDER,Under,False,2025-06-09T21:31:16.047144,1.75,-109.0,BETONLINE
76fd071bd3b99f16,2025-06-10T16:00:00+00:00,Malawi v Angola,Soccer,International Friendlies,Angola,Malawi,,,,,bc95bd157c8e604b,OVER_UNDER,Total,9d698b619deb3928,OVER,Over,False,2025-06-09T21:31:16.047144,1.75,-121.0,BETONLINE
7963d93c5ece2480,2025-06-26T00:30:00+00:00,Charlotte FC v Sporting KC,Soccer,MLS,Sporting KC,Charlotte FC,,,,,79e8b8ab40559688,MONEYLINE,Moneyline,09e69cd5c2973e95,DRAW,Draw,False,2025-06-09T21:31:03.628865,0.0,250.0,HARDROCK
7963d93c5ece2480,2025-06-26T00:30:00+00:00,Charlotte FC v Sporting KC,Soccer,MLS,Sporting KC,Charlotte FC,,,,,79e8b8ab40559688,MONEYLINE,Moneyline,4fc712c0b7a4aedd,AWAY_WINS,Charlotte FC,False,2025-06-09T21:28:19.155067,0.0,160.0,BODOG
7963d93c5ece2480,2025-06-26T00:30:00+00:00,Charlotte FC v Sporting KC,Soccer,MLS,Sporting KC,Charlotte FC,,,,,79e8b8ab40559688,MONEYLINE,Moneyline,fcdade47a7f63669,HOME_WINS,Sporting KC,False,2025-06-09T21:30:33.057200,0.0,150.0,BOVADA
7963d93c5ece2480,2025-06-26T00:30:00+00:00,Charlotte FC v Sporting KC,Soccer,MLS,Sporting KC,Charlotte FC,,,,,c814800eb8dfb7d3,OVER_UNDER,Total,88fe074e3edc5b56,UNDER,Under,True,2025-06-09T21:30:33.057200,3.0,-122.0,BOVADA
7963d93c5ece2480,2025-06-26T00:30:00+00:00,Charlotte FC v Sporting KC,Soccer,MLS,Sporting KC,Charlotte FC,,,,,c814800eb8dfb7d3,OVER_UNDER,Total,9d84a9fb5ed647bd,OVER,Over,True,2025-06-09T21:30:33.057200,3.0,102.0,BOVADA
7963d93c5ece2480,2025-06-26T00:30:00+00:00,Charlotte FC v Sporting KC,Soccer,MLS,Sporting KC,Charlotte FC,,,,,e2e88886e5f5f2e8,SPREAD,Spread,986363f9fca412f6,HOME_COVERS,Sporting KC,True,2025-06-09T21:30:33.057200,-0.0,-115.0,BOVADA
7963d93c5ece2480,2025-06-26T00:30:00+00:00,Charlotte FC v Sporting KC,Soccer,MLS,Sporting KC,Charlotte FC,,,,,e2e88886e5f5f2e8,SPREAD,Spread,dd1fd1d7c7f9c892,AWAY_COVERS,Charlotte FC,True,2025-06-09T21:30:33.057200,0.0,-105.0,BOVADA
8882d6e4aaeca91c,2025-06-11T00:30:00+00:00,Ivory Coast v Canada,Soccer,International Friendlies,Canada,Ivory Coast,,,,,26137ab045caee7b,SPREAD,Spread,f7d9ed78ae475c82,HOME_COVERS,Canada,True,2025-06-09T21:31:18.356760,-0.5,105.0,PINNY
8882d6e4aaeca91c,2025-06-11T00:30:00+00:00,Ivory Coast v Canada,Soccer,International Friendlies,Canada,Ivory Coast,,,,,26137ab045caee7b,SPREAD,Spread,f86bdbeaf2b7f911,AWAY_COVERS,Ivory Coast,True,2025-06-09T21:30:31.946228,0.5,-117.0,BETONLINE
8882d6e4aaeca91c,2025-06-11T00:30:00+00:00,Ivory Coast v Canada,Soccer,International Friendlies,Canada,Ivory Coast,,,,,ba75eeb26c9e748c,MONEYLINE,Moneyline,28d68eb74ad5b9fe,AWAY_WINS,Ivory Coast,False,2025-06-09T21:29:20.418959,0.0,260.0,FANATICS
8882d6e4aaeca91c,2025-06-11T00:30:00+00:00,Ivory Coast v Canada,Soccer,International Friendlies,Canada,Ivory Coast,,,,,ba75eeb26c9e748c,MONEYLINE,Moneyline,4fc5dc9b2f976a78,DRAW,Draw,False,2025-06-09T21:31:18.356760,0.0,252.0,PINNY
8882d6e4aaeca91c,2025-06-11T00:30:00+00:00,Ivory Coast v Canada,Soccer,International Friendlies,Canada,Ivory Coast,,,,,ba75eeb26c9e748c,MONEYLINE,Moneyline,89900d4e39567f2a,HOME_WINS,Canada,False,2025-06-09T21:31:18.356760,0.0,103.0,PINNY
8882d6e4aaeca91c,2025-06-11T00:30:00+00:00,Ivory Coast v Canada,Soccer,International Friendlies,Canada,Ivory Coast,,,,,dc50c26a93a22a55,OVER_UNDER,Total,0cdc73d57e8a9aa6,OVER,Over,True,2025-06-09T21:30:13.231287,2.5,110.0,CAESARS
8882d6e4aaeca91c,2025-06-11T00:30:00+00:00,Ivory Coast v Canada,Soccer,International Friendlies,Canada,Ivory Coast,,,,,dc50c26a93a22a55,OVER_UNDER,Total,2409d26d7087a821,UNDER,Under,True,2025-06-09T21:31:18.356760,2.5,-122.0,PINNY
9156b1374f93334e,2025-06-11T00:00:00+00:00,Switzerland v United States,Soccer,International Friendlies,United States,Switzerland,,,,,1b2546bd3191280c,OVER_UNDER,Total,91ec95eb3db57324,UNDER,Under,True,2025-06-09T21:31:20.760605,2.5,-103.0,PINNY
9156b1374f93334e,2025-06-11T00:00:00+00:00,Switzerland v United States,Soccer,International Friendlies,United States,Switzerland,,,,,1b2546bd3191280c,OVER_UNDER,Total,a664fde539dbf851,OVER,Over,True,2025-06-09T21:29:58.052933,2.5,-115.0,CAESARS
9156b1374f93334e,2025-06-11T00:00:00+00:00,Switzerland v United States,Soccer,International Friendlies,United States,Switzerland,,,,,c95e9f6f61da4d66,SPREAD,Spread,70e12ec41ad93953,HOME_COVERS,United States,True,2025-06-09T21:30:29.618744,0.25,-109.0,BETONLINE
9156b1374f93334e,2025-06-11T00:00:00+00:00,Switzerland v United States,Soccer,International Friendlies,United States,Switzerland,,,,,c95e9f6f61da4d66,SPREAD,Spread,805db2a1a05867f8,AWAY_COVERS,Switzerland,True,2025-06-09T21:31:20.760605,-0.25,-102.0,PINNY
9156b1374f93334e,2025-06-11T00:00:00+00:00,Switzerland v United States,Soccer,International Friendlies,United States,Switzerland,,,,,ec864dfc2a2bbcde,MONEYLINE,Moneyline,148b637c9dd7524e,DRAW,Draw,False,2025-06-09T21:31:02.618633,0.0,275.0,BETRIVERS
9156b1374f93334e,2025-06-11T00:00:00+00:00,Switzerland v United States,Soccer,International Friendlies,United States,Switzerland,,,,,ec864dfc2a2bbcde,MONEYLINE,Moneyline,14f74aa977769b0d,HOME_WINS,United States,False,2025-06-09T21:31:02.618633,0.0,220.0,BETRIVERS
9156b1374f93334e,2025-06-11T00:00:00+00:00,Switzerland v United States,Soccer,International Friendlies,United States,Switzerland,,,,,ec864dfc2a2bbcde,MONEYLINE,Moneyline,8f5160e386d47970,AWAY_WINS,Switzerland,False,2025-06-09T21:31:20.760605,0.0,127.0,PINNY
98b599f76d0a6811,2025-06-15T00:30:00+00:00,NY Red Bulls v Austin FC,Soccer,MLS,Austin FC,NY Red Bulls,,,,,09a73b4368a1f0ec,SPREAD,Spread,792d98eab5e9182d,HOME_COVERS,Austin FC,True,2025-06-09T21:31:04.567075,-0.0,-155.0,BOVADA
98b599f76d0a6811,2025-06-15T00:30:00+00:00,NY Red Bulls v Austin FC,Soccer,MLS,Austin FC,NY Red Bulls,,,,,09a73b4368a1f0ec,SPREAD,Spread,975a6ece4bef1a4d,AWAY_COVERS,NY Red Bulls,True,2025-06-09T21:30:26.190347,1.0,-345.0,BETWHALE
98b599f76d0a6811,2025-06-15T00:30:00+00:00,NY Red Bulls v Austin FC,Soccer,MLS,Austin FC,NY Red Bulls,,,,,ec84bc1e721b3690,OVER_UNDER,Total,87e00ab5a54c23b7,UNDER,Under,True,2025-06-09T21:30:25.567033,2.25,-105.0,PINNY
98b599f76d0a6811,2025-06-15T00:30:00+00:00,NY Red Bulls v Austin FC,Soccer,MLS,Austin FC,NY Red Bulls,,,,,ec84bc1e721b3690,OVER_UNDER,Total,ccad923edfadbb21,OVER,Over,True,2025-06-09T21:31:14.780208,2.5,120.0,BETRIVERS
98b599f76d0a6811,2025-06-15T00:30:00+00:00,NY Red Bulls v Austin FC,Soccer,MLS,Austin FC,NY Red Bulls,,,,,ecb3e7305d8cfb33,MONEYLINE,Moneyline,6c73e159923dbe9d,AWAY_WINS,NY Red Bulls,False,2025-06-09T21:30:33.967076,0.0,230.0,BETONLINE
98b599f76d0a6811,2025-06-15T00:30:00+00:00,NY Red Bulls v Austin FC,Soccer,MLS,Austin FC,NY Red Bulls,,,,,ecb3e7305d8cfb33,MONEYLINE,Moneyline,96e6283cdb819463,DRAW,Draw,False,2025-06-09T21:31:14.780208,0.0,255.0,BETRIVERS
98b599f76d0a6811,2025-06-15T00:30:00+00:00,NY Red Bulls v Austin FC,Soccer,MLS,Austin FC,NY Red Bulls,,,,,ecb3e7305d8cfb33,MONEYLINE,Moneyline,c0d9b2685ea4180b,HOME_WINS,Austin FC,False,2025-06-09T21:30:25.348915,0.0,130.0,BODOG
9cc6de5caf9e2eea,2025-06-26T00:30:00+00:00,Orlando v Saint Louis City SC,Soccer,MLS,Saint Louis City SC,Orlando,,,,,3054ad5ecfec2c10,MONEYLINE,Moneyline,8e969e040c3b87fa,HOME_WINS,Saint Louis City SC,False,2025-06-09T21:31:06.114402,0.0,185.0,HARDROCK
9cc6de5caf9e2eea,2025-06-26T00:30:00+00:00,Orlando v Saint Louis City SC,Soccer,MLS,Saint Louis City SC,Orlando,,,,,3054ad5ecfec2c10,MONEYLINE,Moneyline,d018123dd10893dc,AWAY_WINS,Orlando,False,2025-06-09T21:30:01.830594,0.0,130.0,BODOG
9cc6de5caf9e2eea,2025-06-26T00:30:00+00:00,Orlando v Saint Louis City SC,Soccer,MLS,Saint Louis City SC,Orlando,,,,,3054ad5ecfec2c10,MONEYLINE,Moneyline,e043e78e31b726bc,DRAW,Draw,False,2025-06-09T21:31:06.114402,0.0,250.0,HARDROCK
9cc6de5caf9e2eea,2025-06-26T00:30:00+00:00,Orlando v Saint Louis City SC,Soccer,MLS,Saint Louis City SC,Orlando,,,,,7935f5de3ca60b86,SPREAD,Spread,8160be0c0244cf80,AWAY_COVERS,Orlando,True,2025-06-09T21:29:46.816583,0.0,-138.0,BOVADA
9cc6de5caf9e2eea,2025-06-26T00:30:00+00:00,Orlando v Saint Louis City SC,Soccer,MLS,Saint Louis City SC,Orlando,,,,,7935f5de3ca60b86,SPREAD,Spread,c0e705bd5a17bb79,HOME_COVERS,Saint Louis City SC,True,2025-06-09T21:29:46.816583,-0.0,114.0,BOVADA
9cc6de5caf9e2eea,2025-06-26T00:30:00+00:00,Orlando v Saint Louis City SC,Soccer,MLS,Saint Louis City SC,Orlando,,,,,bc186377d693afbe,OVER_UNDER,Total,c33cc668cfc9bc4c,OVER,Over,True,2025-06-09T21:30:01.830594,3.0,102.0,BODOG
9cc6de5caf9e2eea,2025-06-26T00:30:00+00:00,Orlando v Saint Louis City SC,Soccer,MLS,Saint Louis City SC,Orlando,,,,,bc186377d693afbe,OVER_UNDER,Total,f126dcb06a0d1a88,UNDER,Under,True,2025-06-09T21:30:01.830594,3.0,-122.0,BODOG
a331eab2a3cbabd5,2025-06-12T22:00:00+00:00,Bahia v Red Bull Bragantino,Soccer,Brazil Serie A,Red Bull Bragantino,Bahia,,,,,36e45d5652501ddb,SPREAD,Spread,098e25eca478c904,HOME_COVERS,Red Bull Bragantino,True,2025-06-09T21:31:20.601342,-0.25,-125.0,BETONLINE
a331eab2a3cbabd5,2025-06-12T22:00:00+00:00,Bahia v Red Bull Bragantino,Soccer,Brazil Serie A,Red Bull Bragantino,Bahia,,,,,36e45d5652501ddb,SPREAD,Spread,ef6eeae5dba288bf,AWAY_COVERS,Bahia,True,2025-06-09T21:30:25.945825,1.0,-270.0,BETWHALE
a331eab2a3cbabd5,2025-06-12T22:00:00+00:00,Bahia v Red Bull Bragantino,Soccer,Brazil Serie A,Red Bull Bragantino,Bahia,,,,,89c6b362b5a8d1c3,MONEYLINE,Moneyline,6ecfb19a59671b14,AWAY_WINS,Bahia,False,2025-06-09T21:30:21.056278,0.0,305.0,PINNY
a331eab2a3cbabd5,2025-06-12T22:00:00+00:00,Bahia v Red Bull Bragantino,Soccer,Brazil Serie A,Red Bull Bragantino,Bahia,,,,,89c6b362b5a8d1c3,MONEYLINE,Moneyline,daab006aab3625e9,HOME_WINS,Red Bull Bragantino,False,2025-06-09T21:31:20.601342,0.0,114.0,BETONLINE
a331eab2a3cbabd5,2025-06-12T22:00:00+00:00,Bahia v Red Bull Bragantino,Soccer,Brazil Serie A,Red Bull Bragantino,Bahia,,,,,89c6b362b5a8d1c3,MONEYLINE,Moneyline,f319420e468ef9c6,DRAW,Draw,False,2025-06-09T21:29:36.650398,0.0,235.0,BETRIVERS
a331eab2a3cbabd5,2025-06-12T22:00:00+00:00,Bahia v Red Bull Bragantino,Soccer,Brazil Serie A,Red Bull Bragantino,Bahia,,,,,8aff02e90858f66f,OVER_UNDER,Total,7f15ad06625c3165,OVER,Over,True,2025-06-09T21:29:36.650398,2.5,132.0,BETRIVERS
a331eab2a3cbabd5,2025-06-12T22:00:00+00:00,Bahia v Red Bull Bragantino,Soccer,Brazil Serie A,Red Bull Bragantino,Bahia,,,,,8aff02e90858f66f,OVER_UNDER,Total,e22f33446020a141,UNDER,Under,True,2025-06-09T21:30:21.056278,2.25,-113.0,PINNY
a69bdda81b2f2472,2025-06-13T00:30:00+00:00,Internacional v Atlético Mineiro,Soccer,Brazil Serie A,Atlético Mineiro,Internacional,,,,,04f0794376cc52ac,OVER_UNDER,Total,263658816222e676,UNDER,Under,True,2025-06-09T21:30:42.653216,2.5,-162.0,BETRIVERS
a69bdda81b2f2472,2025-06-13T00:30:00+00:00,Internacional v Atlético Mineiro,Soccer,Brazil Serie A,Atlético Mineiro,Internacional,,,,,04f0794376cc52ac,OVER_UNDER,Total,900377e259658f12,OVER,Over,True,2025-06-09T21:30:23.464106,2.0,-120.0,PINNY
a69bdda81b2f2472,2025-06-13T00:30:00+00:00,Internacional v Atlético Mineiro,Soccer,Brazil Serie A,Atlético Mineiro,Internacional,,,,,5359b209ea03da92,MONEYLINE,Moneyline,45bd2b7f3bfae86c,DRAW,Draw,False,2025-06-09T21:30:42.653216,0.0,245.0,BETRIVERS
a69bdda81b2f2472,2025-06-13T00:30:00+00:00,Internacional v Atlético Mineiro,Soccer,Brazil Serie A,Atlético Mineiro,Internacional,,,,,5359b209ea03da92,MONEYLINE,Moneyline,56aa143f24cbce0d,AWAY_WINS,Internacional,False,2025-06-09T21:30:23.464106,0.0,349.0,PINNY
a69bdda81b2f2472,2025-06-13T00:30:00+00:00,Internacional v Atlético Mineiro,Soccer,Brazil Serie A,Atlético Mineiro,Internacional,,,,,5359b209ea03da92,MONEYLINE,Moneyline,bbb001a7506fc8d2,HOME_WINS,Atlético Mineiro,False,2025-06-09T21:30:42.653216,0.0,-107.0,BETRIVERS
a69bdda81b2f2472,2025-06-13T00:30:00+00:00,Internacional v Atlético Mineiro,Soccer,Brazil Serie A,Atlético Mineiro,Internacional,,,,,d794a69a223235db,SPREAD,Spread,2b3cc7659e140ff4,HOME_COVERS,Atlético Mineiro,True,2025-06-09T21:30:28.820399,-0.5,-108.0,BODOG
a69bdda81b2f2472,2025-06-13T00:30:00+00:00,Internacional v Atlético Mineiro,Soccer,Brazil Serie A,Atlético Mineiro,Internacional,,,,,d794a69a223235db,SPREAD,Spread,5e16ca401e028e66,AWAY_COVERS,Internacional,True,2025-06-09T21:30:23.464106,0.5,-104.0,PINNY
ab44b74beb120f21,2025-06-26T00:30:00+00:00,Houston v Minnesota,Soccer,MLS,Minnesota,Houston,,,,,1dc7383f4159d226,OVER_UNDER,Total,43f7db1278c0029f,UNDER,Under,True,2025-06-09T21:29:17.848451,2.5,102.0,BOVADA
ab44b74beb120f21,2025-06-26T00:30:00+00:00,Houston v Minnesota,Soccer,MLS,Minnesota,Houston,,,,,1dc7383f4159d226,OVER_UNDER,Total,6481cee5d04516ba,OVER,Over,True,2025-06-09T21:31:04.050496,2.5,-120.0,HARDROCK
ab44b74beb120f21,2025-06-26T00:30:00+00:00,Houston v Minnesota,Soccer,MLS,Minnesota,Houston,,,,,ac3d4ff0a6225c08,MONEYLINE,Moneyline,0c61986c89d0eb90,DRAW,Draw,False,2025-06-09T21:31:04.050496,0.0,260.0,HARDROCK
ab44b74beb120f21,2025-06-26T00:30:00+00:00,Houston v Minnesota,Soccer,MLS,Minnesota,Houston,,,,,ac3d4ff0a6225c08,MONEYLINE,Moneyline,260c399d234398a9,HOME_WINS,Minnesota,False,2025-06-09T21:29:17.848451,0.0,-125.0,BOVADA
ab44b74beb120f21,2025-06-26T00:30:00+00:00,Houston v Minnesota,Soccer,MLS,Minnesota,Houston,,,,,ac3d4ff0a6225c08,MONEYLINE,Moneyline,363ee8489d9f90de,AWAY_WINS,Houston,False,2025-06-09T21:29:17.848451,0.0,310.0,BOVADA
ab44b74beb120f21,2025-06-26T00:30:00+00:00,Houston v Minnesota,Soccer,MLS,Minnesota,Houston,,,,,cdeef18807a5d11c,SPREAD,Spread,ac018afcb2e47cb2,AWAY_COVERS,Houston,True,2025-06-09T21:29:17.848451,0.5,102.0,BOVADA
ab44b74beb120f21,2025-06-26T00:30:00+00:00,Houston v Minnesota,Soccer,MLS,Minnesota,Houston,,,,,cdeef18807a5d11c,SPREAD,Spread,cbc1b751fc71da1e,HOME_COVERS,Minnesota,True,2025-06-09T21:31:04.050496,-0.5,-120.0,HARDROCK
b03010ca9870728c,2025-06-10T16:00:00+00:00,Hungary v Azerbaijan,Soccer,International Friendlies,Azerbaijan,Hungary,,,,,3c809bdc241fc9ee,MONEYLINE,Moneyline,060138ed3730d1f8,DRAW,Draw,False,2025-06-09T21:30:05.521547,0.0,260.0,BETPARX
b03010ca9870728c,2025-06-10T16:00:00+00:00,Hungary v Azerbaijan,Soccer,International Friendlies,Azerbaijan,Hungary,,,,,3c809bdc241fc9ee,MONEYLINE,Moneyline,5fedb72df2143bf6,HOME_WINS,Azerbaijan,False,2025-06-09T21:30:02.670659,0.0,380.0,CAESARS
b03010ca9870728c,2025-06-10T16:00:00+00:00,Hungary v Azerbaijan,Soccer,International Friendlies,Azerbaijan,Hungary,,,,,3c809bdc241fc9ee,MONEYLINE,Moneyline,ee97dfaacbe0970a,AWAY_WINS,Hungary,False,2025-06-09T21:30:05.521547,0.0,-125.0,BETPARX
b03010ca9870728c,2025-06-10T16:00:00+00:00,Hungary v Azerbaijan,Soccer,International Friendlies,Azerbaijan,Hungary,,,,,88ca205d7ebc6df9,OVER_UNDER,Total,420116179831ec03,OVER,Over,True,2025-06-09T21:30:02.670659,2.5,115.0,CAESARS
b03010ca9870728c,2025-06-10T16:00:00+00:00,Hungary v Azerbaijan,Soccer,International Friendlies,Azerbaijan,Hungary,,,,,88ca205d7ebc6df9,OVER_UNDER,Total,bdefd75027dc0f7e,UNDER,Under,True,2025-06-09T21:30:42.612839,2.5,-141.0,BETRIVERS
b03010ca9870728c,2025-06-10T16:00:00+00:00,Hungary v Azerbaijan,Soccer,International Friendlies,Azerbaijan,Hungary,,,,,9f989a7c1f14999d,SPREAD,Spread,00ada0993718a0ee,HOME_COVERS,Azerbaijan,True,2025-06-09T21:30:02.670659,0.5,110.0,CAESARS
b03010ca9870728c,2025-06-10T16:00:00+00:00,Hungary v Azerbaijan,Soccer,International Friendlies,Azerbaijan,Hungary,,,,,9f989a7c1f14999d,SPREAD,Spread,2be3006308e17809,AWAY_COVERS,Hungary,True,2025-06-09T21:30:22.863133,-0.75,100.0,PINNY
b52357b417465de5,2025-06-25T23:30:00+00:00,Atlanta v Columbus,Soccer,MLS,Columbus,Atlanta,,,,,35779b7ca4fcc4f1,MONEYLINE,Moneyline,23b6799604f7c65c,HOME_WINS,Columbus,False,2025-06-09T21:29:34.441286,0.0,-135.0,BOVADA
b52357b417465de5,2025-06-25T23:30:00+00:00,Atlanta v Columbus,Soccer,MLS,Columbus,Atlanta,,,,,35779b7ca4fcc4f1,MONEYLINE,Moneyline,83d38df9b6294214,AWAY_WINS,Atlanta,False,2025-06-09T21:29:34.441286,0.0,330.0,BOVADA
b52357b417465de5,2025-06-25T23:30:00+00:00,Atlanta v Columbus,Soccer,MLS,Columbus,Atlanta,,,,,35779b7ca4fcc4f1,MONEYLINE,Moneyline,bb0f345623ee076b,DRAW,Draw,False,2025-06-09T21:31:00.010706,0.0,275.0,HARDROCK
b52357b417465de5,2025-06-25T23:30:00+00:00,Atlanta v Columbus,Soccer,MLS,Columbus,Atlanta,,,,,496f79addb98e089,OVER_UNDER,Total,0ba5c4863d72156b,UNDER,Under,True,2025-06-09T21:29:34.441286,3.0,-136.0,BOVADA
b52357b417465de5,2025-06-25T23:30:00+00:00,Atlanta v Columbus,Soccer,MLS,Columbus,Atlanta,,,,,496f79addb98e089,OVER_UNDER,Total,3e8d9957f0d03669,OVER,Over,True,2025-06-09T21:29:34.441286,3.0,113.0,BOVADA
b52357b417465de5,2025-06-25T23:30:00+00:00,Atlanta v Columbus,Soccer,MLS,Columbus,Atlanta,,,,,b1b4b9c3e2c70e2b,SPREAD,Spread,12b706135c8f662c,AWAY_COVERS,Atlanta,True,2025-06-09T21:29:34.441286,0.5,108.0,BOVADA
b52357b417465de5,2025-06-25T23:30:00+00:00,Atlanta v Columbus,Soccer,MLS,Columbus,Atlanta,,,,,b1b4b9c3e2c70e2b,SPREAD,Spread,ebc3bc731746ea16,HOME_COVERS,Columbus,True,2025-06-09T21:29:34.441286,-0.5,-128.0,BOVADA
b571e4d6d7c7e765,2025-06-10T16:00:00+00:00,Bosnia and Herzegovina v Slovenia,Soccer,International Friendlies,Slovenia,Bosnia and Herzegovina,,,,,26b49e5ae4fa16d6,SPREAD,Spread,ab95cfa92c80f24c,HOME_COVERS,Slovenia,True,2025-06-09T21:30:33.581640,-0.5,-115.0,FANATICS
b571e4d6d7c7e765,2025-06-10T16:00:00+00:00,Bosnia and Herzegovina v Slovenia,Soccer,International Friendlies,Slovenia,Bosnia and Herzegovina,,,,,2f89af1cbe2fd66e,OVER_UNDER,Total,a05e4cae9e9a6da1,UNDER,Under,True,2025-06-09T21:30:33.581640,2.5,-150.0,FANATICS
b571e4d6d7c7e765,2025-06-10T16:00:00+00:00,Bosnia and Herzegovina v Slovenia,Soccer,International Friendlies,Slovenia,Bosnia and Herzegovina,,,,,2f89af1cbe2fd66e,OVER_UNDER,Total,b60005b5ee76e357,OVER,Over,True,2025-06-09T21:30:33.581640,2.5,115.0,FANATICS
b571e4d6d7c7e765,2025-06-10T16:00:00+00:00,Bosnia and Herzegovina v Slovenia,Soccer,International Friendlies,Slovenia,Bosnia and Herzegovina,,,,,8b40c1bd0e602d3a,MONEYLINE,Moneyline,3331e395d7b0c63f,DRAW,Draw,False,2025-06-09T21:30:33.581640,0.0,230.0,FANATICS
b571e4d6d7c7e765,2025-06-10T16:00:00+00:00,Bosnia and Herzegovina v Slovenia,Soccer,International Friendlies,Slovenia,Bosnia and Herzegovina,,,,,8b40c1bd0e602d3a,MONEYLINE,Moneyline,f3d8a53f84e82a03,HOME_WINS,Slovenia,False,2025-06-09T21:30:33.581640,0.0,-105.0,FANATICS
b8184e2a3dd09715,2025-06-13T00:30:00+00:00,Vasco da Gama v São Paulo,Soccer,Brazil Serie A,São Paulo,Vasco da Gama,,,,,0b7557eb78aeb536,OVER_UNDER,Total,7c37ab0d48aa6496,UNDER,Under,True,2025-06-09T21:31:04.591653,2.0,-102.0,BETONLINE
b8184e2a3dd09715,2025-06-13T00:30:00+00:00,Vasco da Gama v São Paulo,Soccer,Brazil Serie A,São Paulo,Vasco da Gama,,,,,0b7557eb78aeb536,OVER_UNDER,Total,b8ec0bbcdb41f48b,OVER,Over,True,2025-06-09T21:29:44.656861,2.5,163.0,BETRIVERS
b8184e2a3dd09715,2025-06-13T00:30:00+00:00,Vasco da Gama v São Paulo,Soccer,Brazil Serie A,São Paulo,Vasco da Gama,,,,,227fda47c188b89c,MONEYLINE,Moneyline,8c04afb79cb93b67,DRAW,Draw,False,2025-06-09T21:28:26.554623,0.0,245.0,BODOG
b8184e2a3dd09715,2025-06-13T00:30:00+00:00,Vasco da Gama v São Paulo,Soccer,Brazil Serie A,São Paulo,Vasco da Gama,,,,,227fda47c188b89c,MONEYLINE,Moneyline,a7ad74cf8f53f147,AWAY_WINS,Vasco da Gama,False,2025-06-09T21:30:25.268579,0.0,352.0,PINNY
b8184e2a3dd09715,2025-06-13T00:30:00+00:00,Vasco da Gama v São Paulo,Soccer,Brazil Serie A,São Paulo,Vasco da Gama,,,,,227fda47c188b89c,MONEYLINE,Moneyline,fc9d2f729bf79625,HOME_WINS,São Paulo,False,2025-06-09T21:31:04.591653,0.0,-108.0,BETONLINE
b8184e2a3dd09715,2025-06-13T00:30:00+00:00,Vasco da Gama v São Paulo,Soccer,Brazil Serie A,São Paulo,Vasco da Gama,,,,,d66fd2b52f6a3585,SPREAD,Spread,745e658981c94447,AWAY_COVERS,Vasco da Gama,True,2025-06-09T21:30:25.268579,0.5,-106.0,PINNY
b8184e2a3dd09715,2025-06-13T00:30:00+00:00,Vasco da Gama v São Paulo,Soccer,Brazil Serie A,São Paulo,Vasco da Gama,,,,,d66fd2b52f6a3585,SPREAD,Spread,ef3f1aa71e98a40c,HOME_COVERS,São Paulo,True,2025-06-09T21:28:26.554623,-0.5,-105.0,BODOG
ba03885932031e69,2025-06-12T23:00:00+00:00,Corinthians v Grêmio,Soccer,Brazil Serie A,Grêmio,Corinthians,,,,,9ff31f946f3a3253,SPREAD,Spread,0f67f3c8626527e3,HOME_COVERS,Grêmio,True,2025-06-09T21:30:17.853320,-0.0,-143.0,BODOG
ba03885932031e69,2025-06-12T23:00:00+00:00,Corinthians v Grêmio,Soccer,Brazil Serie A,Grêmio,Corinthians,,,,,9ff31f946f3a3253,SPREAD,Spread,ef8a02f09e5da183,AWAY_COVERS,Corinthians,True,2025-06-09T21:30:25.946845,1.0,-385.0,BETWHALE
ba03885932031e69,2025-06-12T23:00:00+00:00,Corinthians v Grêmio,Soccer,Brazil Serie A,Grêmio,Corinthians,,,,,dd7859a59b11a075,MONEYLINE,Moneyline,63447fd1ac4a18f1,DRAW,Draw,False,2025-06-09T21:31:11.294104,0.0,220.0,BETMGM
ba03885932031e69,2025-06-12T23:00:00+00:00,Corinthians v Grêmio,Soccer,Brazil Serie A,Grêmio,Corinthians,,,,,dd7859a59b11a075,MONEYLINE,Moneyline,763933a81964c4b6,HOME_WINS,Grêmio,False,2025-06-09T21:30:17.853320,0.0,145.0,BODOG
ba03885932031e69,2025-06-12T23:00:00+00:00,Corinthians v Grêmio,Soccer,Brazil Serie A,Grêmio,Corinthians,,,,,dd7859a59b11a075,MONEYLINE,Moneyline,ed099b3242d4e8da,AWAY_WINS,Corinthians,False,2025-06-09T21:30:23.759054,0.0,230.0,PINNY
ba03885932031e69,2025-06-12T23:00:00+00:00,Corinthians v Grêmio,Soccer,Brazil Serie A,Grêmio,Corinthians,,,,,e61970f21fb9633c,OVER_UNDER,Total,508e968c0e0de953,OVER,Over,True,2025-06-09T21:30:40.656554,2.5,145.0,BETRIVERS
ba03885932031e69,2025-06-12T23:00:00+00:00,Corinthians v Grêmio,Soccer,Brazil Serie A,Grêmio,Corinthians,,,,,e61970f21fb9633c,OVER_UNDER,Total,b65a0893d2019478,UNDER,Under,True,2025-06-09T21:30:43.784528,2.25,-125.0,BETONLINE
c99e5d90f6c73e4d,2025-06-14T20:30:00+00:00,LA Galaxy v Saint Louis City SC,Soccer,MLS,Saint Louis City SC,LA Galaxy,,,,,19d83968708d9950,MONEYLINE,Moneyline,200baf90cf623d92,AWAY_WINS,LA Galaxy,False,2025-06-09T21:30:03.017860,0.0,220.0,CAESARS
c99e5d90f6c73e4d,2025-06-14T20:30:00+00:00,LA Galaxy v Saint Louis City SC,Soccer,MLS,Saint Louis City SC,LA Galaxy,,,,,19d83968708d9950,MONEYLINE,Moneyline,45f81b74ebb6903d,HOME_WINS,Saint Louis City SC,False,2025-06-09T21:30:03.017860,0.0,115.0,CAESARS
c99e5d90f6c73e4d,2025-06-14T20:30:00+00:00,LA Galaxy v Saint Louis City SC,Soccer,MLS,Saint Louis City SC,LA Galaxy,,,,,19d83968708d9950,MONEYLINE,Moneyline,5b92ac2885dfd56d,DRAW,Draw,False,2025-06-09T21:31:00.774456,0.0,280.0,BETRIVERS
c99e5d90f6c73e4d,2025-06-14T20:30:00+00:00,LA Galaxy v Saint Louis City SC,Soccer,MLS,Saint Louis City SC,LA Galaxy,,,,,98d79351e8432502,OVER_UNDER,Total,7e8332f0f3336cbb,UNDER,Under,True,2025-06-09T21:30:34.500704,3.5,-175.0,FANATICS
c99e5d90f6c73e4d,2025-06-14T20:30:00+00:00,LA Galaxy v Saint Louis City SC,Soccer,MLS,Saint Louis City SC,LA Galaxy,,,,,98d79351e8432502,OVER_UNDER,Total,a32c1342493a40ff,OVER,Over,True,2025-06-09T21:30:03.017860,2.5,-145.0,CAESARS
c99e5d90f6c73e4d,2025-06-14T20:30:00+00:00,LA Galaxy v Saint Louis City SC,Soccer,MLS,Saint Louis City SC,LA Galaxy,,,,,c24cdef234e27d6b,SPREAD,Spread,02deaf24fd606682,AWAY_COVERS,LA Galaxy,True,2025-06-09T21:30:21.659223,0.25,-101.0,PINNY
c99e5d90f6c73e4d,2025-06-14T20:30:00+00:00,LA Galaxy v Saint Louis City SC,Soccer,MLS,Saint Louis City SC,LA Galaxy,,,,,c24cdef234e27d6b,SPREAD,Spread,66ee2d091a55e41d,HOME_COVERS,Saint Louis City SC,True,2025-06-09T21:30:21.659223,-0.25,-115.0,PINNY
d36a3438e428fce2,2025-06-10T13:00:00+00:00,South Africa v Mauritius,Soccer,International Friendlies,Mauritius,South Africa,,,,,94fed2f080005cf5,SPREAD,Spread,007627d85a775f0a,AWAY_COVERS,South Africa,False,2025-06-09T21:30:37.876016,-1.5,-105.0,BETONLINE
d36a3438e428fce2,2025-06-10T13:00:00+00:00,South Africa v Mauritius,Soccer,International Friendlies,Mauritius,South Africa,,,,,94fed2f080005cf5,SPREAD,Spread,701ed0d4ed879446,HOME_COVERS,Mauritius,False,2025-06-09T21:30:37.876016,1.5,-125.0,BETONLINE
d36a3438e428fce2,2025-06-10T13:00:00+00:00,South Africa v Mauritius,Soccer,International Friendlies,Mauritius,South Africa,,,,,ffe0487506fe4047,OVER_UNDER,Total,c6b3f8bf6b607c95,OVER,Over,False,2025-06-09T21:30:37.876016,2.0,-145.0,BETONLINE
d36a3438e428fce2,2025-06-10T13:00:00+00:00,South Africa v Mauritius,Soccer,International Friendlies,Mauritius,South Africa,,,,,ffe0487506fe4047,OVER_UNDER,Total,f17786f9c757092a,UNDER,Under,False,2025-06-09T21:30:37.876016,2.0,113.0,BETONLINE
db3ad1936b688b05,2025-06-11T00:30:00+00:00,Turkey v Mexico,Soccer,International Friendlies,Mexico,Turkey,,,,,5cb53207cbbd7c3c,SPREAD,Spread,3845e68678ed9dfe,HOME_COVERS,Mexico,True,2025-06-09T21:31:16.589144,-0.0,-116.0,BETONLINE
db3ad1936b688b05,2025-06-11T00:30:00+00:00,Turkey v Mexico,Soccer,International Friendlies,Mexico,Turkey,,,,,5cb53207cbbd7c3c,SPREAD,Spread,ae008f792ed91102,AWAY_COVERS,Turkey,True,2025-06-09T21:30:13.368683,0.5,-175.0,CAESARS
db3ad1936b688b05,2025-06-11T00:30:00+00:00,Turkey v Mexico,Soccer,International Friendlies,Mexico,Turkey,,,,,8ad8215d2a4e0b84,OVER_UNDER,Total,591e87fa8d39afd4,OVER,Over,True,2025-06-09T21:31:16.589144,2.5,-110.0,BETONLINE
db3ad1936b688b05,2025-06-11T00:30:00+00:00,Turkey v Mexico,Soccer,International Friendlies,Mexico,Turkey,,,,,8ad8215d2a4e0b84,OVER_UNDER,Total,bf588fb2ac32abea,UNDER,Under,True,2025-06-09T21:29:26.153455,2.5,-105.0,FANATICS
db3ad1936b688b05,2025-06-11T00:30:00+00:00,Turkey v Mexico,Soccer,International Friendlies,Mexico,Turkey,,,,,cadf5dd119ca389c,MONEYLINE,Moneyline,0bf6846c03d7588b,HOME_WINS,Mexico,False,2025-06-09T21:31:16.589144,0.0,151.0,BETONLINE
db3ad1936b688b05,2025-06-11T00:30:00+00:00,Turkey v Mexico,Soccer,International Friendlies,Mexico,Turkey,,,,,cadf5dd119ca389c,MONEYLINE,Moneyline,2f3546ae767a8ee5,DRAW,Draw,False,2025-06-09T21:30:04.621970,0.0,270.0,BETRIVERS
db3ad1936b688b05,2025-06-11T00:30:00+00:00,Turkey v Mexico,Soccer,International Friendlies,Mexico,Turkey,,,,,cadf5dd119ca389c,MONEYLINE,Moneyline,31ebd161cae4efb1,AWAY_WINS,Turkey,False,2025-06-09T21:30:04.621970,0.0,180.0,BETRIVERS
dc934c4b30bc0b3c,2025-06-10T19:45:00+00:00,Bulgaria v Greece,Soccer,International Friendlies,Greece,Bulgaria,,,,,094a995a084e5bc9,MONEYLINE,Moneyline,37037f88056d11ac,DRAW,Draw,False,2025-06-09T21:30:56.588291,0.0,350.0,FANATICS
dc934c4b30bc0b3c,2025-06-10T19:45:00+00:00,Bulgaria v Greece,Soccer,International Friendlies,Greece,Bulgaria,,,,,094a995a084e5bc9,MONEYLINE,Moneyline,591d1d708e12a33e,AWAY_WINS,Bulgaria,False,2025-06-09T21:30:07.988874,0.0,700.0,CAESARS
dc934c4b30bc0b3c,2025-06-10T19:45:00+00:00,Bulgaria v Greece,Soccer,International Friendlies,Greece,Bulgaria,,,,,094a995a084e5bc9,MONEYLINE,Moneyline,eb3285aaa5c931c2,HOME_WINS,Greece,False,2025-06-09T21:30:51.417338,0.0,-235.0,BETMGM
dc934c4b30bc0b3c,2025-06-10T19:45:00+00:00,Bulgaria v Greece,Soccer,International Friendlies,Greece,Bulgaria,,,,,9a958c35dddaa6b3,SPREAD,Spread,930ac1edb12021de,HOME_COVERS,Greece,True,2025-06-09T21:30:15.542821,-1.25,-103.0,BETPARX
dc934c4b30bc0b3c,2025-06-10T19:45:00+00:00,Bulgaria v Greece,Soccer,International Friendlies,Greece,Bulgaria,,,,,9a958c35dddaa6b3,SPREAD,Spread,dbaccdd111d7036f,AWAY_COVERS,Bulgaria,True,2025-06-09T21:30:28.792201,1.25,-115.0,BETONLINE
dc934c4b30bc0b3c,2025-06-10T19:45:00+00:00,Bulgaria v Greece,Soccer,International Friendlies,Greece,Bulgaria,,,,,e0d70d92ddd35d35,OVER_UNDER,Total,424c6e2f3f13ae22,OVER,Over,True,2025-06-09T21:30:28.792201,2.5,101.0,BETONLINE
dc934c4b30bc0b3c,2025-06-10T19:45:00+00:00,Bulgaria v Greece,Soccer,International Friendlies,Greece,Bulgaria,,,,,e0d70d92ddd35d35,OVER_UNDER,Total,70d54aceffb6c00e,UNDER,Under,True,2025-06-09T21:30:27.078096,2.5,-119.0,PINNY
ddfe99f7384fdf7c,2025-06-10T18:45:00+00:00,Senegal v England,Soccer,International Friendlies,England,Senegal,,,,,21232d7cc3478fc8,OVER_UNDER,Total,280a50cce1723934,UNDER,Under,True,2025-06-09T21:30:21.360275,2.75,-111.0,PINNY
ddfe99f7384fdf7c,2025-06-10T18:45:00+00:00,Senegal v England,Soccer,International Friendlies,England,Senegal,,,,,21232d7cc3478fc8,OVER_UNDER,Total,6d32e15da773a30a,OVER,Over,True,2025-06-09T21:30:25.620590,2.75,-104.0,BETONLINE
ddfe99f7384fdf7c,2025-06-10T18:45:00+00:00,Senegal v England,Soccer,International Friendlies,England,Senegal,,,,,4654c492d59bd14a,MONEYLINE,Moneyline,499402262ab63006,HOME_WINS,England,False,2025-06-09T21:30:56.612192,0.0,-220.0,BETRIVERS
ddfe99f7384fdf7c,2025-06-10T18:45:00+00:00,Senegal v England,Soccer,International Friendlies,England,Senegal,,,,,4654c492d59bd14a,MONEYLINE,Moneyline,4d9d0bab8468988b,DRAW,Draw,False,2025-06-09T21:30:56.612192,0.0,370.0,BETRIVERS
ddfe99f7384fdf7c,2025-06-10T18:45:00+00:00,Senegal v England,Soccer,International Friendlies,England,Senegal,,,,,4654c492d59bd14a,MONEYLINE,Moneyline,ad80d568dc8f0e2a,AWAY_WINS,Senegal,False,2025-06-09T21:29:57.199463,0.0,675.0,CAESARS
ddfe99f7384fdf7c,2025-06-10T18:45:00+00:00,Senegal v England,Soccer,International Friendlies,England,Senegal,,,,,b86e2592f05918a1,SPREAD,Spread,65890d338843985a,HOME_COVERS,England,True,2025-06-09T21:30:21.360275,-1.25,-101.0,PINNY
ddfe99f7384fdf7c,2025-06-10T18:45:00+00:00,Senegal v England,Soccer,International Friendlies,England,Senegal,,,,,b86e2592f05918a1,SPREAD,Spread,adf90511593e0c6d,AWAY_COVERS,Senegal,True,2025-06-09T21:30:21.360275,1.25,-114.0,PINNY
de750e9cb24dd0df,2025-06-10T15:00:00+00:00,Chad v Kenya,Soccer,International Friendlies,Kenya,Chad,,,,,35d2399955e7b1e7,MONEYLINE,Moneyline,01b225b7b0437cb8,DRAW,Draw,False,2025-06-09T21:30:47.700345,0.0,260.0,BETMGM
de750e9cb24dd0df,2025-06-10T15:00:00+00:00,Chad v Kenya,Soccer,International Friendlies,Kenya,Chad,,,,,35d2399955e7b1e7,MONEYLINE,Moneyline,66a4fb522e0a8d65,AWAY_WINS,Chad,False,2025-06-09T21:30:10.157145,0.0,600.0,CAESARS
de750e9cb24dd0df,2025-06-10T15:00:00+00:00,Chad v Kenya,Soccer,International Friendlies,Kenya,Chad,,,,,35d2399955e7b1e7,MONEYLINE,Moneyline,a0b3895826f7d51a,HOME_WINS,Kenya,False,2025-06-09T21:30:47.700345,0.0,-165.0,BETMGM
de750e9cb24dd0df,2025-06-10T15:00:00+00:00,Chad v Kenya,Soccer,International Friendlies,Kenya,Chad,,,,,74326f898f1f10d0,SPREAD,Spread,4f49c7687f9993d0,AWAY_COVERS,Chad,True,2025-06-09T21:30:22.559715,1.0,-127.0,PINNY
de750e9cb24dd0df,2025-06-10T15:00:00+00:00,Chad v Kenya,Soccer,International Friendlies,Kenya,Chad,,,,,74326f898f1f10d0,SPREAD,Spread,e64e81b58d1e67a2,HOME_COVERS,Kenya,True,2025-06-09T21:30:22.559715,-1.0,103.0,PINNY
de750e9cb24dd0df,2025-06-10T15:00:00+00:00,Chad v Kenya,Soccer,International Friendlies,Kenya,Chad,,,,,dee959a11ca9ca1d,OVER_UNDER,Total,1d1d2ac36dee0052,UNDER,Under,True,2025-06-09T21:30:10.157145,2.5,-150.0,CAESARS
de750e9cb24dd0df,2025-06-10T15:00:00+00:00,Chad v Kenya,Soccer,International Friendlies,Kenya,Chad,,,,,dee959a11ca9ca1d,OVER_UNDER,Total,8ade6cc2069994bb,OVER,Over,True,2025-06-09T21:30:10.157145,2.5,120.0,CAESARS
e511da0e20dec38a,2025-06-15T01:30:00+00:00,D.C. United v Real Salt Lake,Soccer,MLS,Real Salt Lake,D.C. United,,,,,13c36e1d55c689e2,OVER_UNDER,Total,561c02d7b0179c57,OVER,Over,True,2025-06-09T21:31:20.156051,2.75,-103.0,PINNY
e511da0e20dec38a,2025-06-15T01:30:00+00:00,D.C. United v Real Salt Lake,Soccer,MLS,Real Salt Lake,D.C. United,,,,,13c36e1d55c689e2,OVER_UNDER,Total,6c9a92a5da68e079,UNDER,Under,True,2025-06-09T21:31:18.778552,2.5,112.0,BETRIVERS
e511da0e20dec38a,2025-06-15T01:30:00+00:00,D.C. United v Real Salt Lake,Soccer,MLS,Real Salt Lake,D.C. United,,,,,1c47ddc36330c3c4,MONEYLINE,Moneyline,04a7f54cbaec9d61,DRAW,Draw,False,2025-06-09T21:28:31.665696,0.0,300.0,BODOG
e511da0e20dec38a,2025-06-15T01:30:00+00:00,D.C. United v Real Salt Lake,Soccer,MLS,Real Salt Lake,D.C. United,,,,,1c47ddc36330c3c4,MONEYLINE,Moneyline,1deb637e8db28f0f,HOME_WINS,Real Salt Lake,False,2025-06-09T21:30:37.681372,0.0,-135.0,ESPN
e511da0e20dec38a,2025-06-15T01:30:00+00:00,D.C. United v Real Salt Lake,Soccer,MLS,Real Salt Lake,D.C. United,,,,,1c47ddc36330c3c4,MONEYLINE,Moneyline,2c4e2a516b52d047,AWAY_WINS,D.C. United,False,2025-06-09T21:31:19.482426,0.0,354.0,BETONLINE
e511da0e20dec38a,2025-06-15T01:30:00+00:00,D.C. United v Real Salt Lake,Soccer,MLS,Real Salt Lake,D.C. United,,,,,c6fecd552efd22e3,SPREAD,Spread,440062687e07cea8,AWAY_COVERS,D.C. United,True,2025-06-09T21:31:20.156051,0.75,-111.0,PINNY
e511da0e20dec38a,2025-06-15T01:30:00+00:00,D.C. United v Real Salt Lake,Soccer,MLS,Real Salt Lake,D.C. United,,,,,c6fecd552efd22e3,SPREAD,Spread,ff98d1f302c0795f,HOME_COVERS,Real Salt Lake,True,2025-06-09T21:30:00.787531,-0.5,-130.0,BOVADA
f2a53da326ac29a8,2025-06-12T22:00:00+00:00,Cruzeiro v Vitória,Soccer,Brazil Serie A,Vitória,Cruzeiro,,,,,0723651c05a76360,MONEYLINE,Moneyline,4f76c81ca94c1605,AWAY_WINS,Cruzeiro,False,2025-06-09T21:31:11.079938,0.0,140.0,BETMGM
f2a53da326ac29a8,2025-06-12T22:00:00+00:00,Cruzeiro v Vitória,Soccer,Brazil Serie A,Vitória,Cruzeiro,,,,,0723651c05a76360,MONEYLINE,Moneyline,76630ddade4917e8,HOME_WINS,Vitória,False,2025-06-09T21:30:34.644966,0.0,230.0,BETRIVERS
f2a53da326ac29a8,2025-06-12T22:00:00+00:00,Cruzeiro v Vitória,Soccer,Brazil Serie A,Vitória,Cruzeiro,,,,,0723651c05a76360,MONEYLINE,Moneyline,7c3f67499dd31c62,DRAW,Draw,False,2025-06-09T21:30:34.644966,0.0,230.0,BETRIVERS
f2a53da326ac29a8,2025-06-12T22:00:00+00:00,Cruzeiro v Vitória,Soccer,Brazil Serie A,Vitória,Cruzeiro,,,,,42b03f0d647a42bb,SPREAD,Spread,792803ace591c335,AWAY_COVERS,Cruzeiro,True,2025-06-09T21:31:18.671354,-0.25,104.0,PINNY
f2a53da326ac29a8,2025-06-12T22:00:00+00:00,Cruzeiro v Vitória,Soccer,Brazil Serie A,Vitória,Cruzeiro,,,,,42b03f0d647a42bb,SPREAD,Spread,8b347f11df95aa65,HOME_COVERS,Vitória,True,2025-06-09T21:29:00.226801,-0.0,128.0,BOVADA
f2a53da326ac29a8,2025-06-12T22:00:00+00:00,Cruzeiro v Vitória,Soccer,Brazil Serie A,Vitória,Cruzeiro,,,,,67fdba9cee146de2,OVER_UNDER,Total,d38e448910f42aff,UNDER,Under,True,2025-06-09T21:30:34.644966,1.5,185.0,BETRIVERS
f2a53da326ac29a8,2025-06-12T22:00:00+00:00,Cruzeiro v Vitória,Soccer,Brazil Serie A,Vitória,Cruzeiro,,,,,67fdba9cee146de2,OVER_UNDER,Total,ebd702bc81117245,OVER,Over,True,2025-06-09T21:30:00.937482,1.5,-200.0,CAESARS
